1,Distant,10.50.6.9,2,2,0.5199999809265137,0.5,1,0,0.6200000047683716,1,0.550000011920929,0.9300000071525574,0.47999998927116394,,,,,,,ffb7b2b38255419dc832023e8b9b7370
2,dreamy,86.132.205.179,2,2,0.10999999940395355,0.7900000214576721,0.7200000286102295,1,0.3100000023841858,1,1,0.6700000166893005,0.36000001430511475,,keyboard,blues,,,,cbd6bb87ea18c690e23e917938ded368
3,slap,86.132.205.179,2,2,0.38999998569488525,0.6399999856948853,0.7200000286102295,0.2199999988079071,0.41999998688697815,0.8399999737739563,0.8700000047683716,0.5699999928474426,0.8999999761581421,,keyboard,blues,,25,,0060c14e707dac424c693be2a9314c48
4,slapback,86.132.205.179,2,2,0.38999998569488525,0.6399999856948853,0.7200000286102295,0.2199999988079071,0.41999998688697815,0.8399999737739563,0.8700000047683716,0.5699999928474426,0.8999999761581421,,keyboard,blues,,25,,417d66e23ec0713d51a99f8891c11afc
5,slapback,86.132.205.179,2,2,0.38999998569488525,0.6399999856948853,0.7200000286102295,0.8100000023841858,0.6600000262260437,0.7300000190734863,0.8700000047683716,1,0,,keyboard,blues,,25,,7503fe58c931cdd60b39ed19562ca870
6,delay,86.132.205.179,2,2,0.38999998569488525,0.4099999964237213,0.7200000286102295,0.3100000023841858,0.6600000262260437,0.7300000190734863,0.8700000047683716,1,0,,keyboard,blues,,25,,e220df31998650195d76fbd9d5dc0405
7,dreamy,86.132.205.179,2,2,0.10999999940395355,0.7900000214576721,0.7200000286102295,1,0.699999988079071,1,1,0.6700000166893005,0.36000001430511475,,keyboard,blues,,25,,8538dc5d33fd8c9f6dce0686740a4af5
8,dreamy,86.132.205.179,2,2,0.10999999940395355,0.7900000214576721,0.7200000286102295,1,1,1,1,0.6700000166893005,0.36000001430511475,,keyboard,blues,,25,,814051ea77f6f777a6d86a49fbc037ff
9,subtle,86.132.205.179,2,2,0.10999999940395355,0.33000001311302185,0.6000000238418579,0.6800000071525574,0.6700000166893005,0.8799999952316284,0.75,0.3400000035762787,0.36000001430511475,,keyboard,blues,,25,,09dd969c8b3f3fb5105a80e097bf109c
10,emphasize,86.132.205.179,2,2,0.699999988079071,0.33000001311302185,0.6000000238418579,0.41999998688697815,0.6700000166893005,0.8799999952316284,0.75,0.3400000035762787,0.36000001430511475,,keyboard,blues,,25,,a54108980061e3c197e8fe37640f31ef
11,mental,86.132.205.179,2,2,1,1,1,1,1,1,1,1,1,,keyboard,blues,,25,,bfadb94dfc5d1ce9dadc826d96871c68
12,massive,86.132.205.179,2,2,1,0.8899999856948853,1,0.6899999976158142,0.17000000178813934,0.8100000023841858,1,1,1,,keyboard,blues,,25,,c6f791f0fcbea989f065da08327e6ee6
13,massive,86.132.205.179,2,2,0.3799999952316284,0.8899999856948853,0.6800000071525574,0.6899999976158142,0.17000000178813934,0.8100000023841858,1,1,1,,keyboard,blues,,25,,e841bd09341256e49bf9da15316b49f7
14,big,86.132.205.179,2,2,0.3799999952316284,0.8899999856948853,0.6800000071525574,0.6899999976158142,0.17000000178813934,0.8799999952316284,1,1,1,,keyboard,blues,,25,,a755b59b0cdf3bbe932d35801ec91775
15,cloudy,10.255.52.254,1,1,0.27000001072883606,0.6600000262260437,0.6399999856948853,0.3100000023841858,0.4399999976158142,0.9599999785423279,0.6600000262260437,0.8399999737739563,0.5,,,,,,,d658c2e72e9d5f0f271928f4f0086f92
16,dreamy,10.255.52.254,1,1,0.550000011920929,1,1,1,0.6700000166893005,1,1,0.8799999952316284,0.6800000071525574,,,,,,,e7cf3b4e1128588b299b13aa061785d1
17,fluffy,10.255.52.254,1,1,0,1,0.8100000023841858,0.7599999904632568,0.5099999904632568,1,0.8799999952316284,0.5899999737739563,0.46000000834465027,,,,,,,643a2f8ed47fba971fe8a940bece3fa8
18,warm,10.255.52.254,1,1,0.5699999928474426,0.7300000190734863,0.8100000023841858,0.7599999904632568,0.5099999904632568,1,0.8799999952316284,0.5899999737739563,0.46000000834465027,,,,,,,602a2e29a3ce8a346d0aa824da7bb94c
19,lush,10.255.52.254,1,1,0.5699999928474426,0.7300000190734863,0.8100000023841858,0.949999988079071,0.3700000047683716,0.6200000047683716,0.8799999952316284,0.7900000214576721,0.7599999904632568,,,,,,,32e88b43eac95e32924335c5541758b7
20,subtle,10.255.52.254,1,1,0.9100000262260437,0.7300000190734863,0.550000011920929,0.949999988079071,0.3700000047683716,0.6200000047683716,0.7799999713897705,0.5299999713897705,1,,,,,,,30219d88dbb8ed880351b3e685fff656
21,rich,10.255.52.254,1,1,0.9100000262260437,0.7300000190734863,0.550000011920929,0.8899999856948853,0.3700000047683716,0.5400000214576721,0.9300000071525574,0.3700000047683716,0.7300000190734863,,,,,,,29eaba43ee2756d7ec1ca085bc0ed9f8
22,rich,10.255.52.254,1,1,0.9100000262260437,0.7300000190734863,0.550000011920929,0.8899999856948853,0.3700000047683716,0.5400000214576721,0.9300000071525574,0.3700000047683716,0.7300000190734863,,,,,,,438428e1003a92fb4b0a0e65fe45ba11
23,layered,10.255.52.254,1,1,0.9100000262260437,0.9399999976158142,0.550000011920929,0.8899999856948853,0.3700000047683716,0.5400000214576721,0.9300000071525574,0.949999988079071,0.7300000190734863,,,,,,,ebd64fa78583a04a9c41b17fb51a0b35
24,vocals,10.255.52.254,1,1,0.75,0.8299999833106995,0.550000011920929,0.4699999988079071,0.3700000047683716,0.3700000047683716,0.9599999785423279,0.6100000143051147,0.3400000035762787,,,,,,,bb0372bc709677d4c8e5bd7a6295f3cd
25,huge,10.255.52.254,1,1,0,1,0.550000011920929,0.4699999988079071,0.949999988079071,1,0.9599999785423279,1,0.6100000143051147,,,,,,,eb77715c1971259036699e80d488867e
26,ghostly,10.255.52.247,2,2,0,0.5,1,0.5,0,1,1,0.15000000596046448,1,,,,,,,4c68c150b55fed74b732ef394deb4ee6
27,Dreamy,10.33.180.253,2,2,0.5,0.23999999463558197,0.15000000596046448,0.7099999785423279,0,0.6399999856948853,1,0.5,0.8500000238418579,Experimental,"Throat Singing",Birmingham,7,23,English,d0c1f75a78bff207990f212939ebf318
28,DP-SAR-1,98.30.29.58,2,2,0.49000000953674316,0.49000000953674316,1,0.5,0.05999999865889549,0.18000000715255737,1,0.41999998688697815,0.8299999833106995,,,,,,,1fdb4ed811b099ffa6e07fb152fba2d5
29,reverb,174.126.230.226,2,2,0.5699999928474426,0.49000000953674316,0.7099999785423279,0.8100000023841858,0.550000011920929,0.5,1,0.18000000715255737,0.75,,,,,,,8445eb2ccba5e6e576f4ad3322f4ae7f
30,pad,90.55.163.132,2,2,0.2800000011920929,0.8100000023841858,0.6000000238418579,0.11999999731779099,0,0.8500000238418579,1,0.47999998927116394,0.5699999928474426,,,,,,,56f2ff724c8c72b9bf2eaff06cec4aa0
31,dark,78.226.191.87,1,1,0.41999998688697815,0.8999999761581421,1,1,0,1,1,1,0.9200000166893005,,,,,,,cdcc95a07fa00aa88536c8ac5f5b429b
32,Piano-room,83.45.150.123,2,2,0.3199999928474426,0.800000011920929,1,0.5,0,0.5,1,0.4000000059604645,0.75,,,,,,,af6ada17a5a9b0716b0589d9705ed879
33,"Small Drum Room",94.65.217.172,2,2,0.44999998807907104,0.28999999165534973,0.9100000262260437,0.4300000071525574,0.17000000178813934,0.23999999463558197,1,0.12999999523162842,0.7300000190734863,,,,,,,9b2ba740fdb985206049c47215aa446c
34,"Big Drum Room",94.65.217.172,2,2,0.6899999976158142,0.3499999940395355,0.699999988079071,0.47999998927116394,0.23000000417232513,0.3100000023841858,1,0.20999999344348907,0.800000011920929,,,,,,,ca1655410b31b3fc4fddae08bd635f15
35,"Big Drum Room",94.65.217.172,2,2,0.7099999785423279,0.3100000023841858,0.6899999976158142,0.47999998927116394,0.20000000298023224,0.3100000023841858,1,0.2199999988079071,0.7699999809265137,,,,,,,5f5080d5f78761107da77320ff819c09
36,"Medium Drum Room",94.65.217.172,2,2,0.49000000953674316,0.30000001192092896,0.6899999976158142,0.4699999988079071,0.20000000298023224,0.14000000059604645,1,0.27000001072883606,0.8799999952316284,,,,,,,c872984875f3f3551acb818e95f0ae4e
37,"Fat Drums",94.65.217.172,2,2,0.9700000286102295,0.36000001430511475,0.6899999976158142,0.5,0.18000000715255737,0.11999999731779099,1,0.20000000298023224,0.8899999856948853,,,,,,,725da39a79498bb889c534e4a083af05
38,"small drum room",80.212.20.100,2,2,0,0.5,1,0.5,0,0.5,1,0.15000000596046448,0.75,,,,,,,ac22e47e063540296d14cb2c3c67f5e0
39,"small drum room",80.212.20.100,2,2,0.22499999403953552,0.39499998092651367,0.8399999737739563,0.4099999964237213,0.20999999344348907,0.3700000047683716,1,0.33000001311302185,0.3199999928474426,,,,,,,0f23eefb4628cc85d95234aa8864d738
40,gated,62.232.56.222,2,2,0.2800000011920929,1,1,0.10000000149011612,0.5299999713897705,0.4099999964237213,1,0.20999999344348907,1,funk,drums,London,intermediate,24,Dutch,9e1f1539727fd4a9cb4a59fc0449c543
41,big,62.232.56.222,2,2,0.7400000095367432,1,1,0.38999998569488525,0.30000001192092896,0.75,1,0.27000001072883606,0.6000000238418579,funk,drums,London,intermediate,24,Dutch,8954f85435f703688da67896ba7e8393
42,church,81.129.152.167,2,2,0,0.7699999809265137,0.8399999737739563,0.5,0.38999998569488525,0.7900000214576721,1,0.7599999904632568,0.49000000953674316,,,,,,,dd55c34f232eb93a8f15194dbe7bd922
43,"large room",81.129.152.167,2,2,0.3400000035762787,0.9800000190734863,0.9800000190734863,0.699999988079071,0.6899999976158142,0.8899999856948853,0.9100000262260437,0.6600000262260437,0.6399999856948853,,,,,,,316a0944d88aceb22c80ab1e2be8cea6
44,hall,81.129.152.167,2,2,0.7699999809265137,0.9800000190734863,0.5600000023841858,0.699999988079071,0.6899999976158142,0.550000011920929,0.9100000262260437,0.6600000262260437,0.3799999952316284,,,,,,,b85d9f307cba847446522a96ef09b03d
45,"small room",81.129.152.167,2,2,0.7699999809265137,0.7300000190734863,0.5600000023841858,0.46000000834465027,0.6899999976158142,0.8299999833106995,0.9100000262260437,0.3799999952316284,0.3799999952316284,,,,,,,74cb3c0f5137a44aa16b8531adc72726
46,room,81.129.152.167,2,2,0.7699999809265137,0.18000000715255737,0.5600000023841858,0.6700000166893005,0.6600000262260437,0.47999998927116394,0.9100000262260437,0.3799999952316284,0,,,,,,,0fa6c61f861bbc4c2639a9224b14efad
47,roomy,10.33.190.161,2,2,0.6700000166893005,0.5,0.4699999988079071,0.800000011920929,0.36000001430511475,0.20999999344348907,1,0.3400000035762787,0.6700000166893005,reggae,"Lead vocals",birmingham,4,30,english,0bd3ecd5f7f6f172b9cce745997d7dce
48,"echoy ",10.33.190.161,2,2,1,0.9800000190734863,0.8299999833106995,0.8100000023841858,1,0.1899999976158142,1,0.5099999904632568,0.6499999761581421,reggae,"Lead vocals",birmingham,4,30,english,bf6983046a0be525b4702118afd831a5
49,dreamy,10.33.190.161,2,2,0.23000000417232513,0.7099999785423279,0.699999988079071,1,0,1,1,0.8399999737739563,0.7699999809265137,reggae,"Lead vocals",birmingham,4,30,english,6ad690844c0be4b9903d2533a134a2fd
50,airy,10.33.190.161,2,2,0.23000000417232513,0.7099999785423279,0.14000000059604645,1,0,1,1,0.9200000166893005,0.7699999809265137,reggae,"Lead vocals",birmingham,4,30,english,eea7001d2881a92e75accb7ccef62c44
51,huge,10.33.190.161,2,2,0.3400000035762787,0.7099999785423279,0.14000000059604645,0.49000000953674316,0.029999999329447746,0.8100000023841858,1,0.30000001192092896,0.7699999809265137,reggae,"Lead vocals",birmingham,4,30,english,781f6ecfb624b3b8242cb529022360c4
52,tinny,10.33.190.161,2,2,0.5600000023841858,0.5,0.46000000834465027,0.9200000166893005,0.38999998569488525,0.3199999928474426,1,0.7300000190734863,0.41999998688697815,reggae,"Lead vocals",birmingham,4,30,english,891ba718242b7ffc269d9c1cdb913f20
53,hollow,10.33.190.161,2,2,0.5600000023841858,0.5,0.8600000143051147,0.9200000166893005,0.38999998569488525,0.3199999928474426,1,0.9800000190734863,0.41999998688697815,reggae,"Lead vocals",birmingham,4,30,english,1eac7d788a22acd8e44cdf3f7228288e
54,"massive ",10.33.190.161,2,2,0,1,1,1,1,1,1,1,1,reggae,"electric bass guitar",birmingham,4,30,english,7eaad0112ba28be20a59e0112426b748
55,damp,10.33.190.161,2,2,0.6000000238418579,0.6100000143051147,0.18000000715255737,1,0.7200000286102295,0.28999999165534973,1,0.4300000071525574,0.23999999463558197,reggae,"electric bass guitar",birmingham,4,30,english,850fb54b9adfd339dabd7ce5bf0e4b79
56,hollow,10.33.190.161,2,2,0.029999999329447746,0.10999999940395355,0.18000000715255737,0.20000000298023224,0.7200000286102295,0.8299999833106995,1,0.1599999964237213,0.699999988079071,reggae,"electric bass guitar",birmingham,4,30,english,e85c48285e2a12ffdcf27ef2fa0fb94d
57,boomy,10.33.190.161,2,2,0.38999998569488525,0.8700000047683716,0.8799999952316284,0.27000001072883606,0.23000000417232513,1,1,0.20000000298023224,0.4300000071525574,reggae,"electric bass guitar",birmingham,4,30,english,ccb024b5abcc1f8a11fba695187b1451
58,"spacious ",10.33.190.161,2,2,0.949999988079071,0.3700000047683716,0.05000000074505806,0.27000001072883606,0.7099999785423279,0.5600000023841858,1,0.5099999904632568,0.7400000095367432,reggae,"electric bass guitar",birmingham,4,30,english,df0516451ad946fe6c10b5bc2dba4900
59,distant,10.33.190.161,2,2,0.27000001072883606,0.3700000047683716,0.20000000298023224,0.27000001072883606,0.7099999785423279,0.5600000023841858,1,1,0.7400000095367432,reggae,"electric bass guitar",birmingham,4,30,english,5034857f731864da5cb90813d8026f66
60,airy,10.33.190.161,2,2,0,0.75,0.20000000298023224,1,0.25,1,1,0.23999999463558197,0.4099999964237213,reggae,"electric bass guitar",birmingham,4,30,english,4a1611564552b883f9d4726e1640f7d2
61,"dark echo",10.33.190.161,2,2,0.4000000059604645,0.14000000059604645,0.8100000023841858,0.23999999463558197,1,1,1,0.7099999785423279,0.4399999976158142,reggae,"electric bass guitar",birmingham,4,30,english,435933aaae4c02be2bc2e4e276ad2bb8
62,damp,98.119.3.215,2,2,0.6000000238418579,0.6100000143051147,0.18000000715255737,1,0.7200000286102295,0.28999999165534973,1,0.03999999910593033,0.23999999463558197,,,,,,,815ca44c6988d0892c1edbb77588d4f1
63,damp,98.119.3.215,2,2,0.6000000238418579,0.6100000143051147,0.18000000715255737,1,0.7200000286102295,0.28999999165534973,1,0.23499999940395355,0.23999999463558197,,,,,,,abb42947cdaf8da718df42509228728f
64,damp,98.119.3.215,2,2,0.6000000238418579,0.6100000143051147,0.18000000715255737,1,0.7200000286102295,0.28999999165534973,1,0.23499999940395355,0.03999999910593033,,,,,,,382c68f8d99cf959b73b0ab8de4fa6d4
65,massive,81.129.152.167,2,2,0.20999999344348907,0.5,1,0.5,0,0.7900000214576721,1,0.15000000596046448,0.75,,,,,,,f65c8f20ee66cfc05a99665bd7956c1e
66,"chamber hall boom",81.129.152.167,2,2,0.20999999344348907,0.6800000071525574,0.49000000953674316,0.4300000071525574,0,0.7900000214576721,0.8500000238418579,0.15000000596046448,0.47999998927116394,,,,,,,fef9b4be0adb25491d2cc4673c994261
67,subtle,81.129.152.167,2,2,0.20999999344348907,0.6800000071525574,0.6899999976158142,0.3100000023841858,0,0.7900000214576721,0.8500000238418579,0.15000000596046448,0.25,,,,,,,940492523b9fe5de04a46639623c6baa
68,drenched,81.129.152.167,2,2,0,0.5899999737739563,0.44999998807907104,0.8299999833106995,0.6200000047683716,0.7099999785423279,0.5799999833106995,1,0.25,,,,,,,f048697b3ee99ddacf08bef02ce09e2e
69,"underground closed boxed",81.129.152.167,2,2,0,0.1599999964237213,0,0.15000000596046448,0,0.1599999964237213,0.4699999988079071,1,0,,,,,,,314b8d6edb383c1b37499aaaebad23d9
70,"Omni 1",93.80.167.199,2,2,0.8700000047683716,0.6700000166893005,1,0.5699999928474426,0.10999999940395355,1,1,1,0.4099999964237213,,,,,,,f971c65afcf7f71e6a13a1cd5afe76d0
71,"Lead VOX 01",193.13.114.157,2,2,0.3400000035762787,0.6700000166893005,1,0.41999998688697815,0.11999999731779099,0.6399999856948853,0.800000011920929,0.23999999463558197,0.550000011920929,,,,,,,b36f3eb074494a4dfaa0fdf7df829522
72,"Lead VOX 01",193.13.114.157,2,2,0.3400000035762787,0.6499999761581421,1,0.41999998688697815,0.11999999731779099,0.5699999928474426,0.6899999976158142,0.17000000178813934,0.5,,,,,,,0911ecfbe62d5dbda871fd88b2843ea0
73,"DIDI 1",89.93.11.79,2,2,0.7599999904632568,0.23999999463558197,0.5600000023841858,0.33000001311302185,0,1,1,0.07000000029802322,1,,,,,,,1a05ae1824b82002b28e9a938018a5b6
74,chamber,82.15.194.203,2,2,0.8399999737739563,1,1,0.8500000238418579,0,1,1,0.6200000047683716,0.75,,,UK,"5 years",28,English,76a933ed7598d79087a86320dc381ea7
75,chamber,82.15.194.203,2,2,0.8399999737739563,1,1,0.8500000238418579,0,1,1,0.6200000047683716,0.75,"industrial / electronic",drums,UK,"5 years",28,English,9c2f8a911a54549f9621e3839a30ee9d
76,cellar,82.15.194.203,2,2,0.8399999737739563,1,0.41999998688697815,0.8500000238418579,0,0.46000000834465027,1,0.6200000047683716,0.75,"industrial / electronic",drums,UK,"5 years",28,English,2fc536682563ab88734f5ac516fae860
77,cellar,82.15.194.203,2,2,0.8399999737739563,1,0.41999998688697815,0.8500000238418579,0,0.46000000834465027,1,0.6200000047683716,0.75,"industrial / electronic",drums,UK,"5 years",28,English,9c11ec01b3df6725e58a8bc4b44804af
78,tiles,82.15.194.203,2,2,0.8399999737739563,1,0.41999998688697815,0.8500000238418579,0,0.46000000834465027,1,0.3499999940395355,0,"industrial / electronic",drums,UK,"5 years",28,English,7003447803774981fef5be48a2f6952f
79,broken,82.15.194.203,2,2,1,1,1,0.44999998807907104,0.3799999952316284,1,0.8700000047683716,0.3499999940395355,0.5699999928474426,"industrial / electronic",drums,UK,"5 years",28,English,a9755aa208f96583352462369e274421
80,shuffler,82.15.194.203,2,2,1,1,0.12999999523162842,1,0.9800000190734863,1,0.8700000047683716,0.3499999940395355,0.5699999928474426,"industrial / electronic",drums,UK,"5 years",28,English,57f471cbd35b7085b5fc130061d116cc
81,hall,82.15.194.203,2,2,0.5299999713897705,1,0.12999999523162842,1,0.9200000166893005,0.8199999928474426,0.8700000047683716,0.3499999940395355,0.5699999928474426,"industrial / electronic",drums,UK,"5 years",28,English,bfc102b86df9755aad4dd48072ebb6d4
82,distant,82.15.194.203,2,2,1,1,0,0.6299999952316284,0.9800000190734863,1,0.8700000047683716,1,1,"industrial / electronic",drums,UK,"5 years",28,English,4cba84fd570f142c12a45b8db2b37578
83,close,10.33.180.133,2,2,0,0.7599999904632568,1,0.5,0,0.5,1,0.47999998927116394,0.4699999988079071,,,,,,,72c34a1440a5b99a2a4d4a5eb0b4261e
84,closed,10.33.180.133,2,2,0,0.2800000011920929,0,0.15000000596046448,0,0.1599999964237213,0.949999988079071,0.9300000071525574,0.33000001311302185,,,,,,,be2aaf41237fad704f1b5c854e944db9
85,damp,10.33.187.167,2,2,0.41999998688697815,0.3100000023841858,0.7900000214576721,0.6800000071525574,0,0.5,1,0.6399999856948853,0.75,,,,,,,03fc3b8d6462dc9905e0e818f1626bea
86,massive,80.195.117.86,2,2,0.39750000834465027,1,0.9200000166893005,1,0.33500000834465027,1,1,1,0.9375,,,,,,,383c075ea21d9bf646fa71d5c0398cc2
87,wanky,66.41.155.232,2,2,0.27000001072883606,0.8700000047683716,1,0.4699999988079071,0,0.7200000286102295,0.8299999833106995,0.15000000596046448,0.8799999952316284,,,,,,,33b4f10ca7f71196daf0c2988051f4e4
88,spacey,69.251.40.172,2,2,0,0.5,1,0.5,0,0.5,1,0.15000000596046448,0.75,,,,,,,7f26773e7cddeb92489aab0a3bc1b271
89,reverberate,69.251.40.172,2,2,0,0.5,1,0.5,0,0.5,1,0.15000000596046448,0.75,,,,,,,09c5fd02294eec2f2fa7dc2a21ef331b
90,airy,69.251.40.172,2,2,0,0.5,1,0.5,0,0.5,1,0.15000000596046448,0.75,,,,,,,57ee05770876600e6a5cf799cb281970
91," roomy warm and sparkly ",74.71.20.88,2,2,0,0.5,1,0.5,0,0.5,1,0.15000000596046448,0.75,,,,,,,b80f8276dd2664c379f4338c0b127cf9
92,"shiny reverb",104.34.96.15,2,2,0,0.5,1,0.5,0,0.5,1,0.15000000596046448,0.75,,,,,,,7c86ec20a50551ed234e0a7a42dc83c5
93,"DCO Hall1",37.214.206.143,2,2,0.3199999928474426,0.5,1,0.5,0.05999999865889549,0.8199999928474426,1,0.41999998688697815,0.8100000023841858,,,,,,,5d789d6450595e502c1ac8b0e7743be3
94,airy,173.71.103.181,2,2,0.10999999940395355,0.5099999904632568,0.7200000286102295,0.5,0,0.6899999976158142,0.4699999988079071,0.18000000715255737,0.8899999856948853,,,,,,,5cbd79ebdc3234f6f15568174a191501
95,"PERCS REVERB 01",31.39.175.173,2,2,0,0.5,1,0.5,0,0.5,1,0.15000000596046448,0.75,,,,,,,fcf633912833415950ad13c09acba944
96,"Dry Vocals 2",138.210.7.203,2,2,0.2266666740179062,0.6000000238418579,0.4000000059604645,0.5799999833106995,0.05000000074505806,0.800000011920929,0.8299999833106995,0.18666666746139526,0.6000000238418579,,,,,,,9528b41bfb7615e03922e8d2d24e6e5d
97,Hall,78.84.8.87,2,2,0.25,0.8100000023841858,0.7099999785423279,0.8299999833106995,0,0.3700000047683716,1,1,0.49000000953674316,,,,,,,0adb5028cebab8111eb97dd75a22d626
98,Slight,10.33.201.58,1,1,0,0.5,1,0.5,0.03999999910593033,0.5,1,0.09000000357627869,0.75,,Trumpet,"Birmingham Uk",8,25,English,dc90db6f6f271b99e0630c1d2fbc7184
99,Tickling,10.33.201.58,1,1,0,0.5,1,0.5,0,0.5,1,0.03999999910593033,0.75,,"Main Vocals","Birmingham Uk",8,25,English,ba9847ef938efca09218c8c295b59614
100,Mad,10.33.201.58,1,1,0.3100000023841858,0.36000001430511475,1,0.699999988079071,0.23999999463558197,0.5,1,0.25999999046325684,0.5,,Snare,"Birmingham Uk",8,25,English,5a25dcf99a0dbcf5380c52a46fe926d2
101,Filling,10.33.201.58,1,1,0,0.8700000047683716,1,0.6100000143051147,0,0.6800000071525574,1,0.10999999940395355,0.8700000047683716,,"Main Vocals","Birmingham Uk",8,25,English,8673006959d2b36d2b7e574564f6eb86
102,wholesome,10.33.201.58,1,1,0,0.5,1,0.5,0,0.7200000286102295,1,0.3799999952316284,0.75,,,"Birmingham Uk",8,25,English,66bddee775b8eb9728f0e34af6f3d552
103,Creamy,10.33.201.58,1,1,0,0.5,1,0.5,0,0.7200000286102295,1,0.3799999952316284,0.75,,"Electric Guitar","Birmingham Uk",8,25,English,58618c336fdb07b11b1b7d72bcf3bd17
104,Wholesome,10.33.201.58,1,1,0,0.5,1,0.5,0,0.5,1,0.3700000047683716,0.75,,Sax,"Birmingham Uk",8,25,English,71f6cd070984010d427fd33273684f6d
105,Thick,10.33.201.58,1,1,0,0.5,1,0.5,0.09000000357627869,0.5,1,0.17000000178813934,0.75,,Organ,"Birmingham Uk",8,25,English,3ab4f1c640e470ff1e66bca57da96c42
106,"Subtle large room",10.33.206.218,1,1,0.36000001430511475,1,0.949999988079071,0.7599999904632568,0.07999999821186066,0.6100000143051147,1,0.07999999821186066,0.3799999952316284,Reggae,Snare,Birmingham,3,27,English,491dcf7527cb6666ade2675d16891475
107,"Large and subtle",10.33.206.218,1,1,0.05000000074505806,0.20000000298023224,1,0.5899999737739563,0,0.46000000834465027,1,0.11999999731779099,0.75,Reggae,Vocal,Birmingham,3,27,English,67bd284ba9d9246c47ae303e1dd07f77
108,"bright reggae bus reverb",10.33.206.218,1,1,0.5799999833106995,1,1,0.699999988079071,0.47999998927116394,0.8100000023841858,1,0.10999999940395355,0.6100000143051147,Reggae,"Guitar  Bus",Birmingham,3,27,English,8544a43f1c30b3a1622e67649aa3f8f7
109,"BASIC BUS VERB",92.232.38.85,2,2,0,0.5,0.30000001192092896,0.5,0,0.5,1,1,0.75,,,,,,,c6271b830ab0b745f9a4b3a2f3a497cc
110,"Rose Vocals",67.233.121.133,2,2,0,0.36000001430511475,0.3499999940395355,0.2800000011920929,0,0.6700000166893005,1,0.07999999821186066,1,,,,,,,ac7c4e6bb9afe71342358386bee26805
111,"shimmery ",80.43.70.67,2,2,0.33000001311302185,0.14000000059604645,0.2800000011920929,0.9300000071525574,0.12999999523162842,0.8700000047683716,1,0.12999999523162842,0.36000001430511475,Pop,,Birmingham,"5 Years",24,English,0371615c6209a11d54e484786caad10e
112,"large ",10.33.201.147,1,1,0,0.5400000214576721,1,0.5,0,0.5600000023841858,1,0.25999999046325684,0.75,reggae,,brimingham,"4 years",22,english,fb6c0d6a11f1339cc9b8b02741bc8c05
113,boxy,10.33.201.147,1,1,0,0.3100000023841858,1,0.5,0,0.5,1,0.3799999952316284,0.75,reggae,,brimingham,"4 years",22,english,8ee364d1698e0dc1a32d684ff988759c
114,"close small",10.33.201.147,1,1,0,0.3499999940395355,1,0.5,0,0.44999998807907104,1,0.23000000417232513,0.75,reggae,,brimingham,"4 years",22,english,c23f2495dc014b23254faeda5b2002d4
115,"sharp close",10.33.201.147,1,1,0,0.47999998927116394,1,0.46000000834465027,0.05000000074505806,0.23000000417232513,1,0.20000000298023224,0.75,reggae,,brimingham,"4 years",22,english,4b36e0f9e65a2cdb5dc32000f7439656
116,"small close",10.33.201.147,1,1,0,0.4000000059604645,1,0.4300000071525574,0,0.38999998569488525,1,0.15000000596046448,0.75,reggae,,brimingham,"4 years",22,english,b7290d41c8313670869bbb8ee09a7465
117,Hall,10.33.201.147,1,1,0,0.5,1,0.5,0,0.47999998927116394,1,0.23000000417232513,0.75,Reggae,Snare,Birmingham,"6 years",24,English,87a9bee3de0c377284b9b97b56ca28ae
118,"Short, Small Room, Subtle Gell",10.33.201.147,2,2,0,0.5,1,0.2199999988079071,0,0.5,1,0.15000000596046448,0.75,Reggae,"Short Reverb Aux",Birmingham,"6 years",24,English,a5b15788afff45972d195e0250825036
119,dark,10.33.201.147,2,2,0.699999988079071,0.25,0.30000001192092896,0.5,0.3199999928474426,0.36000001430511475,1,1,0.4300000071525574,Raggae,,birmingham,4,22,English,49fd4a4437dea5854614ed716ddb757f
120,churchstyle,10.33.201.147,2,2,0,0.15000000596046448,0.46000000834465027,0.6200000047683716,0.3700000047683716,0.4300000071525574,1,1,0.6299999952316284,Raggae,,birmingham,4,22,English,ee189d78e47d58255b3b26cd47d00c64
121,Delay,10.33.201.147,2,2,0,0.6499999761581421,0.019999999552965164,0,1,0,1,1,1,Raggae,"Main Vocals",birmingham,4,22,English,3d35b7949353a904a301033261d2aeb4
122,room,10.33.201.147,1,1,0.38999998569488525,0.38999998569488525,0.41999998688697815,0.17000000178813934,0.33000001311302185,0.38999998569488525,1,0.8899999856948853,0.75,Raggae,,birmingham,4,22,English,c02b3461b8d9d73b71e5f95e40bb8b36
123,damp,10.33.201.147,1,1,0,0.23000000417232513,1,0.46000000834465027,0,0.25,1,0.10000000149011612,0.75,raggae,kick,birmingham,4,22,english,1cf9355afb5c82a274ca273dbbeecbbe
124,natural,10.33.201.147,1,1,0.46000000834465027,0.5600000023841858,0.7799999713897705,0.6000000238418579,0.8199999928474426,0.30000001192092896,1,0.15000000596046448,0.30000001192092896,raggae,snare,birmingham,4,22,english,b2eab5125230c2314eafab5e64b882f5
125,roomy,10.33.201.147,1,1,0.6899999976158142,0.75,0.949999988079071,0.30000001192092896,0,0.5899999737739563,1,0.20000000298023224,0.75,raggae,overhead,birmingham,4,22,english,61fb834f6293b015386438d74f214b5c
126,tight,10.33.201.147,1,1,0.1899999976158142,0.6800000071525574,0.7799999713897705,0.38999998569488525,0.27000001072883606,0.25,1,0.20000000298023224,0.6000000238418579,raggae,"electric guitar",birmingham,4,22,english,b32bee93ecdf690b01b6d038b18d2fd3
127,warm,10.33.201.147,1,1,0.3499999940395355,0.4000000059604645,0.7900000214576721,0.6399999856948853,0.12999999523162842,0.4000000059604645,1,0.30000001192092896,0.800000011920929,raggae,,birmingham,4,22,english,5f49ca704b80415fc2b96c44f23b30d0
128,warm,10.33.201.147,1,1,0.3499999940395355,0.4000000059604645,0.7900000214576721,0.6399999856948853,0.12999999523162842,0.4000000059604645,1,0.30000001192092896,0.800000011920929,raggae,"acoustic guitar",birmingham,4,22,english,ab0c2cad6bd136ee9ef4e3b590d99561
129,nice,10.33.201.147,1,1,0.27000001072883606,0.41999998688697815,0.8500000238418579,0.30000001192092896,0.14000000059604645,0.4000000059604645,1,0.20000000298023224,0.699999988079071,raggae,organ,birmingham,4,22,english,aa2affb2d5b1cab78cc1ab66317b9294
130,natural,10.33.201.147,1,1,0.15000000596046448,0.30000001192092896,0.7900000214576721,0.6000000238418579,0,0.5699999928474426,1,0.25,0.800000011920929,raggae,,birmingham,4,22,english,cccfa391b2c6fb05cebb05c6852f7a29
131,natural,10.33.201.147,1,1,0.15000000596046448,0.30000001192092896,0.7900000214576721,0.6000000238418579,0,0.5699999928474426,1,0.25,0.800000011920929,raggae,trumpet,birmingham,4,22,english,9c4f4a4f808c6fbf8d0a3110febb0a8c
132,smooth,10.33.201.147,1,1,0,0.3100000023841858,0.8999999761581421,0.5400000214576721,0.20000000298023224,0.5099999904632568,1,0.20000000298023224,0.75,raggae,saxophone,birmingham,4,22,english,7e5ffb8bbda07527b9ab6d4a2ec56798
133,eery,10.33.201.147,1,1,0.6000000238418579,0.30000001192092896,0.7900000214576721,0.699999988079071,0.6000000238418579,0.6000000238418579,1,0.10000000149011612,0.75,raggae,"backing vocals",birmingham,4,22,english,261b5d0a43c97f609b7bc13bf76cce7e
134,smooth,10.33.201.147,1,1,0.20999999344348907,0.550000011920929,0.3400000035762787,0.6000000238418579,0.33000001311302185,0.4000000059604645,1,0.20000000298023224,0.6299999952316284,raggae,vocals,birmingham,4,22,english,32b7fe4e962186dcf41ee1ccc649fdf1
135,natural,10.33.195.144,1,1,0,0.5,1,0.5699999928474426,0,0.5699999928474426,1,0.15000000596046448,0.75,reggae,,birmingham,"8 years",45,english,690ae51c48f363ed1fefe37afc841eb5
136,natural,10.33.195.144,1,1,0,0.5,1,0.5299999713897705,0,0.5,1,0.12999999523162842,0.75,reggae,,birmingham,"8 years",45,english,4f82d898dc242bf731c7119d0df904b1
137,natural,10.33.195.144,1,1,0,0.5,1,0.6000000238418579,0,0.5899999737739563,1,0.15000000596046448,0.75,reggae,,birmingham,"8 years",45,english,e6e4156847f775fa569fe516f13a31fd
138,roomy,10.33.195.144,1,1,0,0.5,1,0.5699999928474426,0,0.5,1,0.15000000596046448,0.75,reggae,,birmingham,"8 years",45,english,9a2c2b4de806a75bb849f0044645fe8a
139,"makes snare sit in mix slightly better",10.33.195.144,1,1,0,0.4000000059604645,0.6100000143051147,0.5,0,0.5,0.17000000178813934,0.5699999928474426,0.7099999785423279,reggae,snare,birmingham,"7 years",24,english,ce70154c6580e750fec21fa74e73a6c8
140,wider,10.33.195.144,1,1,0,0.5,1,0.5,0,0.5,0.7799999713897705,0.11999999731779099,0.5699999928474426,reggae,"hi hat",birmingham,"7 years",24,english,ef0a1454fe3e52b10664dcee9283e15d
141,"sits in mix slightly better",10.33.195.144,1,1,0,0.5,1,0.5,0,0.5,0.44999998807907104,0.20999999344348907,0.41999998688697815,reggae,,birmingham,"7 years",24,english,9e1b1abf5234af0f362b1572dcc5dcf6
142,"fills extra space ",10.33.195.144,1,1,0,0.5,1,0.5,0,0.5,0.44999998807907104,0.20999999344348907,0.41999998688697815,reggae,,birmingham,"7 years",24,english,14b54a663c6fa71d7bf776b6e4f309a9
143,"Gentle Vox Rvb",75.84.202.157,2,2,0,0.5,1,0.5,0.5600000023841858,0.4300000071525574,1,1,0.49000000953674316,,,,,,,fa355bca77bc4f1293619983ea3f8bc6
144,"Subtle Air",10.33.192.139,1,1,0,0.5,0.7699999809265137,0.6200000047683716,0.20000000298023224,0.20000000298023224,1,0.23000000417232513,0.6100000143051147,reggae,Vocal,birmingham,"9 years",25,english,2fe741a459efdd3845ed4231bbffd43d
145,"NiceSpace Air",10.33.192.139,2,2,0.38999998569488525,0.5,0.33000001311302185,0.7099999785423279,0.28999999165534973,0.33000001311302185,1,0.14000000059604645,0.6499999761581421,reggae,,birmingham,"9 years",25,english,6dc9232a54f67dd601a0f134d65177e8
146,"NiceSpace Air",10.33.192.139,2,2,0.38999998569488525,0.5,0.33000001311302185,0.7099999785423279,0.28999999165534973,0.33000001311302185,1,0.14000000059604645,0.6499999761581421,reggae,Guitars,birmingham,"9 years",25,english,d87251f3d01a76d68c057e9ced97dd2e
147,Snare,115.140.70.167,2,2,0.3400000035762787,0.5,1,0.5,0.550000011920929,0.5,1,0.47999998927116394,0.5400000214576721,,,,,,,181ee61f33f25a419067570b06ac8485
148,beautiful,10.33.199.227,1,1,0.75,0.5699999928474426,0.6700000166893005,0.5199999809265137,0.36000001430511475,0.36000001430511475,0.8100000023841858,0.6700000166893005,0.49000000953674316,reggae,"string acoustic gtr",Birmingham,0,24,Chinese,b3765e9bf885af31fbb3c5546bf7a607
149,far,10.33.199.227,1,1,0.25,0.5,1,0.5,0,0.5,0.8399999737739563,0.36000001430511475,0.7200000286102295,reggae,,Birmingham,0,24,Chinese,53f365256f34bd36aa8fad4c0953a254
150,far,10.33.199.227,1,1,0.25,0.5,1,0.5,0,0.5,0.8399999737739563,0.36000001430511475,0.7200000286102295,reggae,sax,Birmingham,0,24,Chinese,78e097b4d51e608c9cbac025eaf14c63
151,emotional,10.33.199.227,1,1,0.4399999976158142,0.800000011920929,0.75,0.7099999785423279,0.2800000011920929,0.8500000238418579,1,0.4300000071525574,0.8899999856948853,reggae,,Birmingham,0,24,Chinese,cac69032b79469397719e653e67a11ab
152,emotional,10.33.199.227,1,1,0.4399999976158142,0.800000011920929,0.75,0.7099999785423279,0.2800000011920929,0.8500000238418579,1,0.4300000071525574,0.8899999856948853,reggae,"backing vox",Birmingham,0,24,Chinese,95772681003291ca075c646a6d4b4f81
153,Snare,108.225.111.24,2,2,0.23000000417232513,0.1599999964237213,0.6600000262260437,0.20000000298023224,0.17000000178813934,0.6200000047683716,1,0.05000000074505806,0.4699999988079071,,,,,,,53e232acb61994d66b1d9ca9c7fa5eef
154,roomy,10.33.227.25,1,1,0.05000000074505806,0.550000011920929,1,0.6000000238418579,0.3100000023841858,0.4399999976158142,1,0.7099999785423279,0.49000000953674316,Reggae,"lead vocals",BCU,"3 years",28,English,0413f56d3a6f1307db499b95a4d8545e
155,roomier,10.33.227.25,1,1,0.05000000074505806,0.6100000143051147,0.8399999737739563,0.5299999713897705,0.03999999910593033,0.5899999737739563,1,0.05999999865889549,0.75,Reggae,sav,BCU,"3 years",28,English,2b99d08a69705670f845df94e950a2e2
156,large,10.33.227.25,1,1,0,0.5799999833106995,0.9200000166893005,0.5600000023841858,0.36000001430511475,0.6399999856948853,1,0.07999999821186066,0.75,Reggae,trumpet,BCU,"3 years",28,English,dd147d0cad6301498f19025d8ab357cf
157,Echoy,10.33.227.25,1,1,0,0.8600000143051147,1,0.800000011920929,0,0.5,1,0.6100000143051147,0.8799999952316284,Reggae,Organ,Birmingham,0,22,Arabic,ac7cc5b7ac18d688a4de12b39801ec36
158,Echoey,10.33.227.25,1,1,0.6899999976158142,1,0.44999998807907104,0.8100000023841858,0.11999999731779099,0.5199999809265137,1,0.23000000417232513,1,Reggae,Kick,Birmingham,0,22,Arabic,fb9527f4a51ad85dfb6bd4b130a929b6
159,Symphonic,10.33.227.25,1,1,0.10000000149011612,0.4399999976158142,0.6899999976158142,0.6100000143051147,0.019999999552965164,0.6000000238418579,1,0.7900000214576721,0.5,Reggae,Trumpet,Birmingham,0,22,Arabic,e1850740dcc3507baed8a898d703f989
160,"deep crunchy ",10.33.227.25,1,1,0.5400000214576721,0.5099999904632568,0.7699999809265137,0.9900000095367432,0.28999999165534973,0.6100000143051147,1,0.33000001311302185,0.11999999731779099,Reggae,,birmingham,"0 years",34,Arabic,f9d209500335fc80ab3a58e5a9b27a94
161,"deep crunchy ",10.33.227.25,1,1,0.5400000214576721,0.5099999904632568,0.7699999809265137,0.9900000095367432,0.28999999165534973,0.6100000143051147,1,0.33000001311302185,0.11999999731779099,Reggae,kick,birmingham,"0 years",34,Arabic,61a8095cb4ff2fe280c87d41272f998a
162,"echoy ",10.33.227.25,1,1,0,0.14000000059604645,1,0.23999999463558197,0,0.5,1,0.47999998927116394,0.75,Reggae,,birmingham,"0 years",34,Arabic,3b666c99e2022633a77c13e3d26fdfa1
163,"echoy ",10.33.227.25,1,1,0,0.14000000059604645,1,0.23999999463558197,0,0.5,1,0.47999998927116394,0.75,Reggae,Organ,birmingham,"0 years",34,Arabic,a3ad0e4ee0232c21ac2c620a23c02cb2
164,"metallic dry ",10.33.227.25,1,1,0.44999998807907104,0.30000001192092896,1,0.28999999165534973,0,0.5,1,0.5199999809265137,0.8100000023841858,Reggae,Snare,birmingham,"0 years",34,Arabic,e0b47381e78af145d84595f2012970aa
165,"gentle ",10.33.227.25,1,1,0,0.05999999865889549,0.4699999988079071,0.20000000298023224,0,0.20000000298023224,0.6299999952316284,0.47999998927116394,0.41999998688697815,Reggae,piano,birmingham,"0 years",34,Arabic,d6e39582d39d8229d1531bc7fe4f8dcb
166,"echoy sharp",10.33.227.25,1,1,0,0.3199999928474426,1,0.30000001192092896,0,0.5,1,0.15000000596046448,0.75,Reggae,Sax,birmingham,"0 years",34,Arabic,5e49bf81982363e9832343f1bbcd1aa7
167,j,83.45.52.101,2,2,0.07999999821186066,0.5799999833106995,1,0.6000000238418579,0.14000000059604645,0.5,1,0.15000000596046448,0.75,,,,,,,c86ce14ee40d1018fe796e6ab1efe186
168,150215,84.236.127.204,2,2,0,0.25,0.5,0.5,0,0.6499999761581421,1,0.05999999865889549,0.75,,,,,,,391fa5fc1e628ba1d51ff45085dc3949
169,layeredMine,76.108.1.183,2,2,0.36000001430511475,0.8999999761581421,0.75,0.8899999856948853,0.8299999833106995,0.8799999952316284,0.46000000834465027,0.7300000190734863,0.7300000190734863,,,,,,,23c1fd506a7628c6002597de46e02baf
170,distant,10.255.52.254,2,2,0.12999999523162842,0.699999988079071,0.25999999046325684,0.6200000047683716,0.18000000715255737,0.6399999856948853,0.8100000023841858,0.6000000238418579,0.5899999737739563,,,UK,10,28,English,b1073a1319bd377f3b28dcec709fcb07
171,hall,10.255.52.254,2,2,0.5400000214576721,0.2199999988079071,0.23999999463558197,0.5299999713897705,0.5799999833106995,0.41999998688697815,0.5699999928474426,0.4300000071525574,0.699999988079071,,,UK,10,28,English,81b962baef4a92b413c791323f25581e
172,room,10.255.52.254,2,2,0.6800000071525574,0.2199999988079071,0.6000000238418579,0.8799999952316284,0.5799999833106995,0.41999998688697815,0.5699999928474426,0.2800000011920929,0.5299999713897705,,,UK,10,28,English,9cd213f84e2f034a6668f06201524e15
173,"big roomy full",10.33.202.106,1,1,0.6700000166893005,0.9300000071525574,0.9100000262260437,0.6399999856948853,0.17000000178813934,0.6600000262260437,1,0.20999999344348907,0.33000001311302185,Reggae,"lead vocal","Birmingham uk",7,24,English,203702e92260876a03e5b4d8b4b78aad
174,"huge dreamy dubby big ",10.33.202.106,1,1,0.25,0.27000001072883606,0.28999999165534973,0.4699999988079071,0,0.8600000143051147,1,0.10999999940395355,0.7799999713897705,Reggae,"snare drum","Birmingham uk",7,24,English,9d6aff7d89e64aa0fb766740c2ed77f3
175,"chilled vibe echo church",10.33.202.106,1,1,0,0.7900000214576721,0.05999999865889549,0.6200000047683716,0.9900000095367432,0.6899999976158142,1,0.20999999344348907,0.4399999976158142,Reggae,piano,"Birmingham uk",7,24,English,1dd94eed5dc21301e8b794d36088f63f
176,"roomy laidback dreamy",10.33.202.106,1,1,0.8399999737739563,0.15000000596046448,0.18000000715255737,0.9599999785423279,0.6200000047683716,0.6800000071525574,1,0.10000000149011612,0.5199999809265137,Reggae,organ,"Birmingham uk",7,24,English,177f5553d4192ae7dded67f407c1f6b3
177,"sustained airy peaceful angelic ",10.33.202.106,1,1,0,0.1599999964237213,0.07000000029802322,0.8199999928474426,0,0.8899999856948853,1,0.2199999988079071,0.8600000143051147,Reggae,"high hat","Birmingham uk",7,24,English,d2d03c2a5f60271cffd389727b942dfb
178,"church echoy space ",10.33.202.106,1,1,0.10999999940395355,0.6899999976158142,1,0.800000011920929,0.5199999809265137,0.7099999785423279,0.9599999785423279,0.3700000047683716,0.550000011920929,Reggae,"backing vocal female","Birmingham uk",7,24,English,30494d6c46dbe5dd596ff3a6351f8059
179,"relaxing jazzy ",10.33.202.106,1,1,0.30000001192092896,0.3799999952316284,0.6700000166893005,0.27000001072883606,0.09000000357627869,0.6700000166893005,1,0.49000000953674316,0.6499999761581421,Reggae,sax,"Birmingham uk",7,24,English,09236a92e1f35b7e97c6f86a8734f970
180,"full wide big ",10.33.202.106,1,1,0.5299999713897705,0.3199999928474426,0.7400000095367432,0.7599999904632568,0.5299999713897705,0.3400000035762787,1,0.10999999940395355,0.6899999976158142,Reggae,"trumpet ","Birmingham uk",7,24,English,d2cb4aacb59f04a18df8c82674eec304
181," big",10.33.202.106,1,1,0.12999999523162842,0.6200000047683716,1,0.7099999785423279,0,0.4399999976158142,0.8999999761581421,0.09000000357627869,0.4399999976158142,"Reggae ","bass drum","birmingham uk ","3 years",24,"greek ",a24c8ff849e118841c884406a3bc5a82
182,roomy,10.33.202.106,1,1,0.12999999523162842,0.6200000047683716,1,0.6200000047683716,0,0.4399999976158142,0.8999999761581421,0.09000000357627869,0.4399999976158142,"Reggae ",snare,"birmingham uk ","3 years",24,"greek ",f07d7b160281e539d8328754c19095d9
183,ambient,10.33.202.106,1,1,0.12999999523162842,0.7599999904632568,1,0.9100000262260437,0,0.7900000214576721,1,0.2800000011920929,0.4399999976158142,"Reggae ","12 string guitar","birmingham uk ","3 years",24,"greek ",0eb90fdf2d939f8d06a3a1aa54d1d593
184,full,10.33.202.106,1,1,0.12999999523162842,0.7599999904632568,1,0.8299999833106995,0,0.7900000214576721,1,0.18000000715255737,0.4399999976158142,"Reggae ",organ,"birmingham uk ","3 years",24,"greek ",d7310ec3be5c7f89f167ff2f3a2b38fc
185,roomy,10.33.202.106,1,1,0.12999999523162842,0.8500000238418579,1,0.8299999833106995,0,0.7900000214576721,1,0.30000001192092896,0.5299999713897705,"Reggae ",piano,"birmingham uk ","3 years",24,"greek ",bb95d318dca58bb2c556f53734b72517
186,"big ambiance",10.33.202.106,1,1,0.12999999523162842,0.800000011920929,1,0.8399999737739563,0,0.8100000023841858,1,0.1899999976158142,0.5299999713897705,"Reggae ",trumpet,"birmingham uk ","3 years",24,"greek ",af13dc95862ff28b9191c9e0c98b1a09
187,warm,10.33.202.106,1,1,0.12999999523162842,0.8100000023841858,1,0.8299999833106995,0,0.8299999833106995,1,0.18000000715255737,0.6299999952316284,"Reggae ",sax,"birmingham uk ","3 years",24,"greek ",3db978bfbb6cd3b1976cdf6c313381f9
188,airy,10.33.202.106,1,1,0.12999999523162842,0.75,1,0.9100000262260437,0,0.8999999761581421,1,0.2800000011920929,0.6299999952316284,"Reggae ","backing vox","birmingham uk ","3 years",24,"greek ",78b5b519675a1ea0a6bcf4927de0426b
189,full,10.33.202.106,1,1,0.12999999523162842,0.75,1,0.800000011920929,0,0.8199999928474426,1,0.10999999940395355,0.5299999713897705,"Reggae ",vox,"birmingham uk ","3 years",24,"greek ",5151cee0e91a1bb0499f3b60dc71bb9b
190,muddy,10.33.223.220,2,2,0,0.8299999833106995,0.7599999904632568,0.5,0,0.5,0.7300000190734863,1,0.75,,,UK,10,32,English,18aec2f95cd6b7f8165e14572c81d84f
191,bigger,10.33.202.106,1,1,0.7699999809265137,0.49000000953674316,0.8600000143051147,0.5600000023841858,0,0.5600000023841858,1,0.11999999731779099,0.75,Reggae,snare,"birmingham uk ","2 years",19,English,575f79a78c653ce061b79ec44a53e349
192,distant,10.33.202.106,1,1,0,0.3700000047683716,0.5299999713897705,0.6000000238418579,0,0.6800000071525574,0.9399999976158142,0.2800000011920929,0.7200000286102295,Reggae,"acoustic guitar","birmingham uk ","2 years",19,English,6aee94fd12941d0ea9dd6019bfb0ac80
193,soft,10.33.202.106,1,1,0,0.5,1,0.3400000035762787,0,0.8100000023841858,1,0.3199999928474426,0.75,Reggae,,"birmingham uk ","2 years",19,English,0975d4648d1393ddbc82c7bedcccf269
194,soft,10.33.202.106,1,1,0,0.5,1,0.3400000035762787,0,0.8100000023841858,1,0.3199999928474426,0.75,Reggae,"backing vocals","birmingham uk ","2 years",19,English,8da9cd2dd37de3a28772be1da590b918
195,air,10.33.202.106,1,1,0.12999999523162842,0.5,0.8799999952316284,0.5699999928474426,0.15000000596046448,0.3799999952316284,1,0.10000000149011612,0.75,Reggae,,"birmingham uk ","2 years",19,English,fd03e630cf0ab481f651cc8f504ab44e
196,air,10.33.202.106,1,1,0.12999999523162842,0.5,0.8799999952316284,0.5699999928474426,0.15000000596046448,0.3799999952316284,1,0.10000000149011612,0.75,Reggae,"lead vocal","birmingham uk ","2 years",19,English,97a096ab1fea376647cd9838423adee8
197,Sing,49.142.155.125,2,2,0,0.5,1,0.5,0,0.5,1,0.25,1,,,,,,,ede477b4ace5edca8d04986835d77ac2
198,Dench,10.33.207.82,1,1,0.6000000238418579,0.8299999833106995,1,0.6600000262260437,0.11999999731779099,0.5,1,0.3199999928474426,0.30000001192092896,Reggae,Snare,"birmingham uk ","7 years ",25,english,32cf8edea26a92c850c39eda46e4f53a
199,TooLong,10.33.207.82,1,1,0.30000001192092896,0.5,0.7699999809265137,0.8399999737739563,0.699999988079071,0.550000011920929,1,0.6700000166893005,0.4399999976158142,Reggae,"Electric Guitar","birmingham uk ","7 years ",25,english,e316c71f8e3db1d92276d920cd36747e
200,fresh,10.33.207.82,1,1,0.6299999952316284,0.5899999737739563,0.9900000095367432,0.5,0,0.7200000286102295,1,0.20999999344348907,0.75,Reggae,"Acoustic guitar","birmingham uk ","7 years ",25,english,b9e57c075edbdf4443a970b81635c6cc
201,fresh,10.33.207.82,1,1,0.6299999952316284,0.5899999737739563,0.9900000095367432,0.5,0,0.7200000286102295,1,0.20999999344348907,0.75,Reggae,"Acoustic guitar","birmingham uk ","7 years ",25,english,21346f056435913873244d912efe49b0
202,Defaults,10.33.207.82,1,1,0,0.5,1,0.5,0,0.5,1,0.15000000596046448,0.75,Reggae,Organ,"birmingham uk ","7 years ",25,english,13bd4d94ce94a3bc43995e00ede44d06
203,Defaults,10.33.207.82,1,1,0,0.5,1,0.5,0,0.5,1,0.15000000596046448,0.75,Reggae,Organ,"birmingham uk ","7 years ",25,english,2ef2a8fd0d79211c84854219aca79aca
204,Floaty,10.33.207.82,1,1,0.41999998688697815,0.5,1,0.5,0,0.7200000286102295,1,0.15000000596046448,0.75,Reggae,Piano,"birmingham uk ","7 years ",25,english,167d57b5d8426c5305ff8651a3de14ca
205,Hard,10.33.207.82,1,1,0.949999988079071,0.36000001430511475,1,0.6700000166893005,0,0.7099999785423279,1,0.46000000834465027,0.5799999833106995,Reggae,Trumpet,"birmingham uk ","7 years ",25,english,a56626486708e01e899a4f3f8a1dd2d8
206,KennyG,10.33.207.82,1,1,0.6899999976158142,0.5,1,0.7799999713897705,0.2800000011920929,0.800000011920929,1,0.38999998569488525,0.75,Reggae,Sax,"birmingham uk ","7 years ",25,english,3fb036a3c5b47c3e18f9b0b69975e222
207,Beauts,10.33.207.82,1,1,0.5899999737739563,0.5,1,0.25999999046325684,0.11999999731779099,0.7200000286102295,1,1,0.75,Reggae,"Backing Vocals","birmingham uk ","7 years ",25,english,a04a815980e4e959faf4563e5873e007
208,Beauts,10.33.207.82,1,1,0.5899999737739563,0.5,1,0.25999999046325684,0.11999999731779099,0.7200000286102295,1,1,0.75,Reggae,"Backing Vocals","birmingham uk ","7 years ",25,english,de5caf097352df54f189e692593e5736
209,"Echoes, Moist",10.33.207.82,1,1,0.10000000149011612,0.6299999952316284,1,0.5,1,0.27000001072883606,1,0.20999999344348907,0.75,Reggae,"Lead Vocal","birmingham uk ","7 years ",25,english,bfe4e5f519c085d861fd5fdc10e42200
210,"Subtle small room",10.33.230.154,1,1,0.3100000023841858,0.5,1,0.7300000190734863,0.20999999344348907,0.1899999976158142,1,0.23000000417232513,0.75,Reggae,GTR,"Birmingham ","5 years",21,English,f411e561573cba80b7b424af8882f3e7
211,"Subtle small boxy dry",10.33.230.154,1,1,0,0.5,1,0.5,0,0.28999999165534973,1,0.17000000178813934,0.75,Reggae,Vox,"Birmingham ","5 years",21,English,c1835e2b83bb6e9b8a0d30616906af7a
212,"Mid sized space",10.33.230.154,1,1,0,0.949999988079071,0.9700000286102295,0.5,0.23000000417232513,0.46000000834465027,1,0.3199999928474426,0.3100000023841858,Reggae,"Backing Vox","Birmingham ","5 years",21,English,ac4a5db29a2cb95225c97d1d1d81c85f
213,rev,109.212.234.96,2,2,0.75,0.9300000071525574,0.6800000071525574,0.7599999904632568,0.4699999988079071,0.8899999856948853,1,0.36000001430511475,0.7900000214576721,,,,,,,252592532e8e0c419d1d16e4e7d9d1e0
214,broad,10.33.194.210,1,1,0,0,1,0.4699999988079071,0,1,1,0.1599999964237213,0.5,Reggae,Kick,"Birmingham uk","7 years",27,Polish,fdd15771781cfd627dfddc084be89e68
215,broad,10.33.194.210,1,1,0,0,1,0.4699999988079071,0,1,1,0.1599999964237213,0.5,Reggae,Kick,"Birmingham uk","7 years",27,Polish,a8a161d2d5d89ff9060a6dc9bae42cc0
216,"medium jah room",10.33.194.210,1,1,0.5,1,1,0.5,0.1599999964237213,0.5,1,0.17000000178813934,0.6700000166893005,Reggae,Snare,"Birmingham uk","7 years",27,Polish,79307f2ada3fb1a14d5d4e899287b351
217,"van halen on acid",10.33.194.210,1,1,0.3499999940395355,1,1,1,0,1,1,0.20000000298023224,0.75,Reggae,Guitar,"Birmingham uk","7 years",27,Polish,e7b6b8d1dded38504f184f2df1d66b27
218,"big dark",10.33.194.210,1,1,0,1,1,1,0,1,1,0.07000000029802322,1,Reggae,Guitar,"Birmingham uk","7 years",27,Polish,8aed6bee83b621102c2e6e1f27a83981
219,huge,10.33.194.210,1,1,0,1,1,1,0,1,1,0.15000000596046448,0.75,Reggae,Trumpet,"Birmingham uk","7 years",27,Polish,5dd4c458c066a8dd3a0b645c3fba468a
220,huge,10.33.194.210,1,1,0,1,1,1,0,1,1,0.15000000596046448,0.75,Reggae,Sax,"Birmingham uk","7 years",27,Polish,0f53ee40f75db8897f8d8f3679654a59
221,Wide,10.33.194.210,1,1,0.05999999865889549,0.6100000143051147,1,0.5,0.05999999865889549,0.36000001430511475,0.9300000071525574,0.05999999865889549,0.75,Reggae,Snare,"birmingham uk","3 years",21,English,de9d5645ef9e6deec7c8537558b03b72
222,"Spacey atmospheric",10.33.194.210,1,1,0,0.5899999737739563,1,0.5,0.3100000023841858,0.6600000262260437,0.9200000166893005,0.10999999940395355,0.75,Reggae,,"birmingham uk","3 years",21,English,72ee744d1e81df7dd6965fe04c1205d1
223,"Spacey atmospheric",10.33.194.210,1,1,0,0.5899999737739563,1,0.5,0.3100000023841858,0.6600000262260437,0.9200000166893005,0.10999999940395355,0.75,Reggae,guitar,"birmingham uk","3 years",21,English,e2ab548056889f4d742c0d77e909e72d
224,"soft recessed",10.33.194.210,1,1,0,0.5,1,0.5,0,0.5,1,0.12999999523162842,0.75,Reggae,piano,"birmingham uk","3 years",21,English,fefc0f9f6df7f733dd44dfc3eba6cad1
225,"Spacey Wide Distant",10.33.194.210,1,1,0,0.5,1,0.5,0.25,0.5,1,0.5099999904632568,0.75,Reggae,Trumpet,"birmingham uk","3 years",21,English,cfd5cdc1ea85d88df78d48754b84c3a3
226,Air,10.33.194.210,1,1,0,0.5,1,0.5,0,0.5,1,0.07999999821186066,0.75,Reggae,trumpet,"birmingham uk","3 years",21,English,1ea5a2dd764ed502f9acc8130f4657de
227,"Wide Airy",10.33.194.210,1,1,0,0.5,1,0.5,0,0.5,1,0.2199999988079071,0.75,Reggae,BVox,"birmingham uk","3 years",21,English,c8852c50cccecd0f770354756d660577
228,"Space Soft ",10.33.194.210,1,1,0.5,0.6499999761581421,1,0.5699999928474426,0.10000000149011612,0.6299999952316284,1,0.15000000596046448,0.75,Reggae,"Lead Vox","birmingham uk","3 years",21,English,e882e386706d620c7e8c5705e52490e4
229,"Hard Hall",10.33.194.210,1,1,0.25999999046325684,0.7799999713897705,0.6399999856948853,0.5899999737739563,0.30000001192092896,0.7099999785423279,1,1,0.6100000143051147,Reggae,Reverb,"birmingham uk","6 years ",23,portuguese,b046757999d259a47cae1b2bbd3a2557
230,Clean_Hall,10.33.194.210,1,1,0.11999999731779099,0.3700000047683716,1,0.7599999904632568,0,0.6800000071525574,1,1,1,Reggae,Reverb_2,"birmingham uk","6 years ",23,portuguese,1249a0f849ddd099e0ccfa80be1b091c
231,"space room model for bus",10.33.194.210,1,1,0.4099999964237213,0.550000011920929,1,0.5299999713897705,0.2800000011920929,0.23000000417232513,1,1,0.28999999165534973,Reggae,"Drum bus",birmingham,"20 years",37,English,60b4b9352f140fd4cd75c9e94474c559
232,"far away",10.33.194.210,1,1,0.1599999964237213,0.3100000023841858,1,0.6399999856948853,0.12999999523162842,0.7799999713897705,1,0.11999999731779099,0.6000000238418579,Reggae,Organ,birmingham,"20 years",37,English,c820644a63e4fc2b2754592180a997db
233,roomy,10.33.194.210,1,1,0.4099999964237213,0.550000011920929,1,0.5299999713897705,0.2800000011920929,0.23000000417232513,1,1,0.28999999165534973,Reggae,"Main Bus Reverb",birmingham,"20 years",37,English,4e74d0bcb68fc6b70f7c72bb4b4288bb
234,ummmm,72.12.117.157,2,2,0,0.5,1,0.5,0,0.9900000095367432,1,0.49000000953674316,0.75,,,,,,,0706405a33616d76493b7030a0a25293
235,big,76.65.6.138,2,2,0.4230000078678131,0.6489999890327454,0.8009999990463257,0.6459999680519104,0.1599999964237213,0.6359999775886536,0.9900000095367432,0.24799999594688416,0.6940000057220459,,,,,,,06347e910cd0a89b986a4765bbcf01f2
236,BASIC,76.65.6.138,2,2,0,0.5,0.30000001192092896,0.5,0,0.5,1,1,0.75,,,,,,,4c07c31bad99513a1dbfac0af4c5ba03
237,FæiryWårmth,193.106.167.46,2,2,0.07000000029802322,0.8199999928474426,0.25999999046325684,0.8100000023841858,0.36000001430511475,0.8399999737739563,0.7200000286102295,0.4000000059604645,0.7228571176528931,,,,,,,ef04b6e4fb2384eb7150f02ba37fe066
238,AvstAphf,193.106.167.46,2,2,0,0.5,0.30000001192092896,0.6600000262260437,0.2800000011920929,0.3700000047683716,1,0.3499999940395355,0.6100000143051147,,,,,,,ef4efc3be9414d5972b6f12a8258d728
239,AWErDIY,193.106.167.46,2,2,0,0.36000001430511475,0.5299999713897705,0.6700000166893005,0,0.6200000047683716,1,0.4300000071525574,0.3499999940395355,,,,,,,d0ade0a2dcd568f1436402e6a8c6a190
240,roomy,10.50.6.9,2,2,0.09000000357627869,0.4300000071525574,0.8299999833106995,0.699999988079071,0.4000000059604645,0.800000011920929,0.8100000023841858,0.3700000047683716,0.699999988079071,,,,,,,3babcc5c703dc667d4a9467774bc3130
241,"loves it",63.248.109.172,2,2,0,0.5,1,0.5,0,0.4699999988079071,1,0.6700000166893005,0.7599999904632568,,,,,,,10f8b644f217b3339ad6cf26184d4a2d
242,triangolo,80.18.31.102,2,2,0,0.5299999713897705,1,0.5,0,0.5,0.5400000214576721,0.3400000035762787,0.6899999976158142,,,,,,,e9014e8f3ede7b7a4b98c7b3fbe98ab3
243,spacious,141.136.112.70,2,2,0.8999999761581421,0.33000001311302185,1,0.25,0.03999999910593033,0.8600000143051147,1,1,0.75,Metal,"Bass, guitar, drums","Moscow, Russia","2 years",24,Russian/English,9c1a9c00d81d53f9f17147de0950d321
244,"Studio Room (for a separate reverb bus)",141.136.112.70,2,2,0.8999999761581421,0.33000001311302185,1,0.25,0.03999999910593033,0.8600000143051147,1,1,0.75,Metal,"Bass, guitar, drums","Moscow, Russia","2 years",24,Russian/English,d4610a3c3f6ac4e3a6e1637d9e4abae6
245,"million main",87.148.192.56,2,2,0.5699999928474426,0.8399999737739563,0.6899999976158142,0.8199999928474426,0.6800000071525574,0.6000000238418579,1,0.5400000214576721,0.41999998688697815,,,,,,,545c30d928cde8b850637cfc2c2b870c
246,soft,87.11.5.113,2,2,0.125,0.5375000238418579,1,0.4375,0.02500000037252903,0.6875,1,0.23000000417232513,0.75,,,Home,Composer,22,Italian,c49de98d8db28a9f053b60c562e77357
247,beautiful,69.143.45.150,2,2,0.75,0.5699999928474426,0.6700000166893005,0.5199999809265137,0.36000001430511475,0.36000001430511475,0.8100000023841858,0.23000000417232513,0,,,,,,,a9a442aa3bc59a5e95ab08f6f3af83ce
248," nice room",69.143.45.150,2,2,0.75,0.5699999928474426,0.6700000166893005,0.5199999809265137,0.36000001430511475,0.36000001430511475,0.8100000023841858,0.23000000417232513,0,,,,,,,7323c9c3a5735c01ca96c5b94ad79f2c
249,Audiobudka,91.213.226.241,2,2,0.4099999964237213,0.6299999952316284,1,0.800000011920929,0.38999998569488525,0.8299999833106995,1,0.1899999976158142,0.6299999952316284,,,,,,,50e559875410dcba7850710396f96757
250,vocal,103.12.115.39,2,2,0,0.5,1,0.6000000238418579,0,0.5600000023841858,1,0.20000000298023224,0.6399999856948853,,,,,,,dd07e8c9b80cc546990f9e5d0158fe8e
251,ciao,79.54.137.152,2,2,0.5199999809265137,0.5,0,0.5,0.2199999988079071,0.5,1,0.4699999988079071,0,,,,,,,c784daa3cdaf6e667f4a7550ff705885
252,"ciao  ",79.54.137.152,2,2,0.5199999809265137,0.5,0,0.5,0.2199999988079071,0.5,1,0.4699999988079071,0,,,,,,,082d36360bafffa186b09ceefb0d02cb
253,"muddy unclear",81.129.152.240,1,1,0.8600000143051147,0.6899999976158142,0.4699999988079071,0.7699999809265137,0.7099999785423279,0.7599999904632568,0.8700000047683716,1,0.75,,,UK,10,32,English,7035fba28aff8aa828873a4efcab9e1b
254,muted,81.129.152.240,1,1,1,1,0.44999998807907104,0.9399999976158142,0.8600000143051147,1,0.7799999713897705,0.8999999761581421,0.7400000095367432,,,UK,10,32,English,0e713f67453a48f4cfab55e86afe553f
255,atmospheric,81.129.152.240,1,1,0.3100000023841858,1,0.7599999904632568,0.7900000214576721,0.6100000143051147,1,0.8299999833106995,0.8999999761581421,0.6399999856948853,,,UK,15,24,English,2216db9666c2803967190fb0db63afd5
256,subtle,81.129.152.240,1,1,0.5699999928474426,1,0.7599999904632568,0.9599999785423279,0.6100000143051147,0.8100000023841858,0.8700000047683716,0.44999998807907104,0.6100000143051147,classical,piano,UK,15,24,English,1f68f1b8f0bdd5793a4ca3a29103efea
257,damp,81.129.152.240,1,1,1,0,0.7599999904632568,0,0.6100000143051147,0.07999999821186066,0.8700000047683716,1,1,classical,piano,UK,10,24,English,50c92b892be652ddde3e53d00c79a4bd
258,Cool,50.170.138.188,2,2,0.913385808467865,0.4015747904777527,0.238095223903656,0.4251968562602997,0.4015747904777527,1,1,0.23622047901153564,0.14960630238056183,,,Room,,,,087d0044a3b9a72a276b7b650eb42bad
