1,loud,86.132.205.179,2,2,-42.79999923706055,19.059999465942383,0,48.959999084472656,1234.800048828125,20,,,,,,,9c6bf7def769693f8ac8d229117c4959
2,crushed,86.132.205.179,2,2,-50,20,10,48.959999084472656,820.8800048828125,20,,,,,,,88cf2e5cbf1f1c3e31e32c266291c8bf
3,warm,86.132.205.179,2,2,-43.79999923706055,5.300000190734863,10,34.970001220703125,1903.43994140625,17.440000534057617,,,,,,,6dc92e5f5679b2edf5f6d7dc3126985e
4,nice,86.132.205.179,2,2,-43.79999923706055,2.2100000381469727,10,34.970001220703125,1903.43994140625,17.440000534057617,,,,,,,53ee24524348fcb1aacd8c59803b8dcf
5,compressed,86.132.205.179,2,2,-43.79999923706055,1.6100000143051147,10,34.970001220703125,1903.43994140625,17.440000534057617,,keyboard,,,,,40b8791cda35b484a0aa1008ce2e6efd
6,quiet,86.132.205.179,2,2,-43.79999923706055,1.6100000143051147,10,34.970001220703125,1903.43994140625,5.519999980926514,,keyboard,,,,,4521c63a8f909cd668b1af231a5d5b26
7,LV2,10.50.6.9,2,2,-36.79999923706055,20,0,4.999995231628418,199.99923706054688,16.799999237060547,,,,,,,8af4a04ac67a841198b9eff072740f70
8,tight,10.255.52.254,1,1,-40.400001525878906,6.039999961853027,17.600000381469727,5,1314.4000244140625,14.880000114440918,,,,,,,62646882c8da55123eca78c5803ebfcd
9,bass,10.255.52.254,1,1,-22,4.699999809265137,0,38.16999816894531,200,0,,,,,,,4bce85789730d15cc544ac00a4b14003
10,kick,10.255.52.254,1,1,-33.20000076293945,7.03000020980835,0,48.959999084472656,844.760009765625,9.039999961853027,,,,,,,ac6b29205d8f239c45aafccabd94eb9e
11,pumping,10.255.52.254,1,1,-33.20000076293945,17.6200008392334,0,18.190000534057617,414.9200134277344,16.8799991607666,,,,,,,f96be8419293564cd70432f8816f6d77
12,Tickled,10.33.180.253,2,2,-25.799999237060547,1.559999942779541,10,7.28000020980835,137.36000061035156,7.679999828338623,Chillwave,"Bass GUitar",Birmingham,5,23,English,0b8f8bb8da5c1782ca20e3a11e641ef0
13,smooth,10.33.180.253,2,2,-17.200000762939453,1.5800000429153442,9.279999732971191,4.489999771118164,169.1999969482422,4.800000190734863,Chillwave,"Bass GUitar",Birmingham,5,23,English,77ac35576fe9475fb94f085a0d537d3f
14,squashed,10.33.180.253,2,2,-32.20000076293945,3.490000009536743,9.279999732971191,33.2599983215332,511.4800109863281,16.959999084472656,Chillwave,Keyboard,birmingham,5,23,English,698b0998d17292277895955146142a9a
15,crushed,10.33.180.253,2,2,-35.79999923706055,6.199999809265137,0,0.5,1164.199951171875,14.15999984741211,Chillwave,Keyboard,birmingham,5,23,English,842c832e11dcdbb3845730057a265d03
16,smoothed,10.33.180.253,2,2,-33.400001525878906,3.2699999809265137,7.360000133514404,2.0999999046325684,1259.719970703125,3.9200000762939453,Chillwave,glockenspiel,birmingham,5,23,English,ee5fee1346f37776f3a058f0eee68b56
17,choppy,10.33.180.253,2,2,-43,3.2699999809265137,0,41.65999984741211,10,10.319999694824219,glitch,noise,birmingham,5,23,English,1ee456c815316a6c9bd62c259864ad7b
18,pinned,10.33.180.253,2,2,-43.400001525878906,1.409999966621399,14.5600004196167,2.5,479.6400146484375,3.2799999713897705,glitch,noise,birmingham,5,23,English,ceca99e1754b67f6d599e6ba6ffdf945
19,Glued,10.33.180.253,2,2,-25,6.929999828338623,9.119999885559082,0.10000000149011612,685.5599975585938,2.0799999237060547,Experimental,"Males Vocals",Birmingham,7,23,english,5c2655b931309f533361ebcb80cb509c
20,"boost ",109.150.127.73,2,2,-37.599998474121094,3.2200000286102295,0,5,200,13.4399995803833,,,,,,,8272f8fc557d007886f416463245b9e6
21,"max ",109.150.127.73,2,2,-49.79999923706055,14.789999961853027,0,5,200,20,,,,,,,fb2b4593b8b9acbbe11270376b679ff0
22,Soft,83.45.150.123,2,2,-21.200000762939453,3.9700000286102295,2.9600000381469727,17.790000915527344,200,3.9200000762939453,Piano,Piano,,,,German,9fd7cee0015a920e45286b8f213380f6
23,Piano-Comp,83.45.150.123,2,2,-17.399999618530273,4.099999904632568,7.28000020980835,9.390000343322754,200,6.300000190734863,,,,,,,a79bfd53be1214bdbbc6ff38aac3817a
24,Present,83.45.150.123,2,2,-16.799999237060547,4.099999904632568,7.199999809265137,5,200,3.359999895095825,,,,,,,8228b0659ff3380ae18240d445b05c13
25,"Soft comp master",82.241.166.68,2,2,-21.200000762939453,3.9700000286102295,2.9600000381469727,17.790000915527344,200,3.9200000762939453,,,,,,,314dabd804d87b50ee9252011965a45c
26,"Hard comp master",82.241.166.68,2,2,-21.200000762939453,3.9700000286102295,2.9600000381469727,17.790000915527344,200,3.9200000762939453,,,,,,,5a6572ed478aa79c8858a4119a5b47bd
27,"Limit master",82.241.166.68,2,2,-21.200000762939453,3.9700000286102295,2.9600000381469727,17.790000915527344,200,3.9200000762939453,,,,,,,57a90df775675c1e90749192b7d42929
28,warm,91.118.58.241,2,2,0,2,0,5,200,0,,,,,,,18426ba26b171a8b326ab3f0a39f7498
29,"Fat Drums",94.65.217.172,2,2,-32.599998474121094,4.510000228881836,1.440000057220459,10.600000381469727,168.16000366210938,11.039999961853027,,,,,,,721efae0ab472039389c7d8b274189e5
30,popping,62.232.56.222,1,1,-36.79999923706055,2.640000104904175,16.31999969482422,22.979999542236328,200,15.4399995803833,"funk, pop","bass guitar",London,intermediate,24,Dutch,0b044831b8dc86e07e4ea453f59f97d3
31,clicky,62.232.56.222,1,1,-32.599998474121094,5.070000171661377,0,34.06999969482422,279.6000061035156,17.360000610351562,funk,"bass guitar",London,intermediate,24,Dutch,e4c1b782f89a974f8d3865c21bac15a2
32," Squashed",10.33.190.161,2,2,-50,2.180000066757202,20,5,10,0.07999999821186066,reggae,"lead vocal",birmingham,4,30,english,afba31eaa3005aec160d4a754fb92ac6
33," Spikey",10.33.190.161,2,2,-31.200000762939453,1.1699999570846558,5.199999809265137,96.51000213623047,2000,0,reggae,"lead vocal",birmingham,4,30,english,e19fbb5eaecb8d53a5f05f476191c11d
34,Smooth,10.33.190.161,2,2,-38.400001525878906,1.2400000095367432,20,82.01000213623047,1291.56005859375,6.480000019073486,reggae,"lead vocal",birmingham,4,30,english,bd4a99e3539917c3afaa54c48a32cce4
35,Punch,10.33.190.161,2,2,-50,6.889999866485596,11.4399995803833,48.84000015258789,1291.56005859375,20,reggae,"lead vocal",birmingham,4,30,english,d9e86074332d70b291962c1b741875f2
36,Open,10.33.190.161,2,2,0,1,4.639999866485596,48.84000015258789,1291.56005859375,6.880000114440918,reggae,"lead vocal",birmingham,4,30,english,e97f84feb4772120e613ba51185ccccf
37,punch,10.255.52.254,2,2,-34,3.2300000190734863,0,34.56999969482422,200,8.479999542236328,,,,,,,cbb37344c4c447d8a090deded87de4ab
38,squashed,10.255.52.254,2,2,-38.400001525878906,10.09000015258789,13.680000305175781,34.56999969482422,200,8.479999542236328,,,,,,,6747795c21132734e50da1a18b1f8559
39,loud,10.255.52.254,2,2,-20.600000381469727,10.09000015258789,13.680000305175781,100,1171.1199951171875,14.079999923706055,,,,,,,880149fa90c48bff88e6297892174d1a
40,flat,10.255.52.254,2,2,-50,10.09000015258789,13.680000305175781,65.62999725341797,1171.1199951171875,18.639999389648438,,,,,,,37890d3e3b5361d0452f2369d4c9d290
41,pumping,216.185.245.154,2,2,-22,3.5,15.84000015258789,9.800000190734863,80.5999984741211,0,,,,,,,afd4d8f53a10cf634102886dbdb8e95f
42,boom,81.129.152.167,2,2,-46,1.940000057220459,4,16.59000015258789,1409.9200439453125,11.09000015258789,,,,,,,a6001485f4295671ef83aa9e4f9cd47c
43,free,81.129.152.167,2,2,-21.899999618530273,3.6500000953674316,5,19.985000610351562,1051.719970703125,8.720000267028809,,,,,,,86861a5da3b152ad8f668e415be2d88b
44,"bright loud",81.129.152.167,2,2,-21.899999618530273,3.6500000953674316,5,19.985000610351562,1051.719970703125,8.720000267028809,,,,,,,3e081fc957104933da981110679a6db6
45,"damp muffled",81.129.152.167,2,2,-47.70000076293945,3.6500000953674316,5,19.985000610351562,1872.6400146484375,13.359999656677246,,,,,,,2eb553b6dfa2e377e99b86f04afcb420
46,pressed,81.129.152.167,2,2,-47.70000076293945,3.6500000953674316,5,19.985000610351562,232.8800048828125,13.359999656677246,,,,,,,794ff959468f6c7bcd90f298bd672fc2
47,"crushed squashed",81.129.152.167,2,2,-49.70000076293945,8.109999656677246,5,86.72000122070312,232.8800048828125,20,,,,,,,374fbf57c1b30c9e305b73ec765cee10
48,flabby,81.129.152.167,2,2,-40.099998474121094,2.240000009536743,16.360000610351562,15.1899995803833,232.8800048828125,10.239999771118164,,,,,,,2b5d14bbdc4dc33653804aabd1959e43
49,loose,81.129.152.167,2,2,-35.5,2.059999942779541,11.479999542236328,94.30999755859375,232.8800048828125,10.239999771118164,,,,,,,7f9854de16bc5ebe39979bf570583c65
50,subtle,81.129.152.167,2,2,-35.5,2.059999942779541,11.479999542236328,94.30999755859375,232.8800048828125,3.5999999046325684,,,,,,,3be03f62b0ac533844510e9f3b530342
51,"SMOOTH VOCAL",79.65.185.237,2,2,-27.80000114440918,1.4100000858306885,14.639999389648438,43.25,730.3800048828125,5.640000343322754,,,,,,,47b9dd47a40f9eb7624f343bd99aa079
52,Guitar,189.24.205.216,2,2,-30.600000381469727,20,0,0.10000000149011612,10,9.119999885559082,,,,,,,0b10c2683811b72c7eed918c10da5329
53,vocal,79.65.186.2,2,2,-27.80000114440918,1.4100000858306885,14.639999389648438,43.25,730.3800048828125,5.640000343322754,,,,,,,3a410c1cf3d8a1ce9c27822a17549aa3
54,smooth,82.15.194.203,2,2,-23.600000381469727,4.03000020980835,17.920000076293945,5,200,0,,,UK,"5 years",28,English,e981a3552f5819431bacafd79c3aef21
55,smooth,82.15.194.203,2,2,-23.600000381469727,4.03000020980835,17.920000076293945,5,200,0,"industrial / electronic",drums,UK,"5 years",28,English,8e5ed1ab170fd24152ea61db5f6c6e87
56,smooth,82.15.194.203,2,2,-23.600000381469727,4.03000020980835,17.920000076293945,5,200,0,"industrial / electronic",drums,UK,"5 years",28,English,5803c7d27295416775c3eac823b2d392
57,squashed,82.15.194.203,2,2,-36,20,17.920000076293945,0.10000000149011612,1027.8399658203125,13.520000457763672,"industrial / electronic",drums,UK,"5 years",28,English,96bf0c132d51d0ecd294c2b21016f89d
58,squashed,82.15.194.203,2,2,-36,20,17.920000076293945,0.10000000149011612,1027.8399658203125,13.520000457763672,"industrial / electronic",drums,UK,"5 years",28,English,fdb19329b77e0451108c362f812e06e9
59,stompy,82.15.194.203,2,2,-36,2.559999942779541,0,83.22000122070312,184.0800018310547,8.960000038146973,"industrial / electronic",drums,UK,"5 years",28,English,901b0fa3a8e939d9aa51535d26be0acb
60,spiky,82.15.194.203,2,2,-36,20,0,83.22000122070312,184.0800018310547,8.960000038146973,"industrial / electronic",drums,UK,"5 years",28,English,96308713b7e91c375aa187056cb5d1d2
61,"    pancake",82.15.194.203,2,2,-50,20,20,0.10000000149011612,10,8.960000038146973,"industrial / electronic",drums,UK,"5 years",28,English,1b9c908a07ed925d76513fa83f21313f
62,"    energetic",82.15.194.203,2,2,-33.599998474121094,4.159999847412109,4.960000038146973,0.10000000149011612,10,8.960000038146973,"industrial / electronic",drums,UK,"5 years",28,English,3ffab4de427723800ffc53f05aea7d55
63,Punchy,217.44.113.180,2,2,-24.399999618530273,1.5800000429153442,2.240000009536743,26.979999542236328,88.55999755859375,1.5199999809265137,,,,,,,316b10f2a62aa49726b017e12f93e08b
64,Punchy,217.44.113.180,2,2,-50,1.5800000429153442,2.240000009536743,26.979999542236328,88.55999755859375,1.5199999809265137,,,,,,,0f2119755db6a8ed8ad2d277e755cd29
65,VOCAL,89.131.125.129,2,2,-27.80000114440918,1.4100000858306885,14.639999389648438,43.25,730.3800048828125,5.640000343322754,,,,,,,4430e4b793be66cffe9b51af6ade34b3
66,fuzzy,151.53.174.106,2,2,0,2,0,5,200,0,,,,,,,94897fac66f1c8425b521bc187f5a559
67,Soft,81.61.15.250,2,2,-19.920000076293945,3.9700000286102295,2.9600000381469727,8.479999542236328,103.20999908447266,2.5399999618530273,,,,,,,916da18b3357d617354c66722c1c4816
68,tight,10.255.52.254,2,2,-35.34000015258789,8.390000343322754,7.869999885559082,28.489999771118164,200,5.659999847412109,,,,,,,5f95e8cadd58b61b1373a8b850672624
69,crushed,10.255.52.254,2,2,-40.52000045776367,4.440000057220459,5.739999771118164,28.489999771118164,200,9.699999809265137,,,,,,,0667e2864ad078d8302e516b1d80c6d3
70,loud,10.255.52.254,2,2,-25.729999542236328,2.549999952316284,8.489999771118164,0.10000000149011612,200,12.510000228881836,,,,,,,77ee4b25b048a66d66fe392df539718c
71,soft,10.255.52.254,2,2,-50,2.549999952316284,8.489999771118164,0.10000000149011612,200,12.510000228881836,,,,,,,131b4a521e0fbf689b672d3b7079845f
72,VOCAL,50.150.65.183,2,2,-27.80000114440918,1.4100000858306885,14.639999389648438,43.25,730.3800048828125,5.640000343322754,,,,,,,db2987096e857b3fe6e69363baddda58
73,VOCAL,50.150.65.183,2,2,-27.80000114440918,1.4100000858306885,14.639999389648438,43.25,730.3800048828125,5.640000343322754,,,,,,,166d11eb05337e81427af4a054cac3f0
74,Drums,50.150.65.183,1,1,-32.599998474121094,4.510000228881836,1.440000057220459,10.600000381469727,168.16000366210938,11.039999961853027,,,,,,,8f55f7be84e68bb5a40d4b2f6ff84cdd
75,nice,50.150.65.183,2,2,-43.79999923706055,2.2100000381469727,10,34.970001220703125,1903.43994140625,17.440000534057617,,,,,,,16bdbf8289bd8a1c652271d360b434a9
76,nice,50.150.65.183,2,2,-43.79999923706055,2.2100000381469727,10,34.970001220703125,1903.43994140625,17.440000534057617,,,,,,,c98aa9c3e21c6588775d2d80ad9da392
77,pg,76.65.6.198,2,2,-36.20000076293945,1.899999976158142,3.8400001525878906,46.849998474121094,730.3800048828125,5.239999771118164,,,,,,,0a6f56a74da7c55f04aa51fa00855122
78,Live,10.33.188.111,2,2,-6.610000133514404,18.09000015258789,14.539999961853027,30.84000015258789,1067.050048828125,7.349999904632568,,,,,,,3be0647b9ccb8b763f2631a627300fae
79,Punchy,59.124.8.187,1,1,-37.20000076293945,2.9100000858306885,2.009999990463257,31.549999237060547,88.55999755859375,1.5199999809265137,pop,"snare drum",Taipei,medium,24,Dutch,751cb5f7cf6499936c4b35f75f07091d
80,Punchy,59.124.8.187,1,1,-37.20000076293945,2.9100000858306885,2.009999990463257,31.549999237060547,88.55999755859375,1.5199999809265137,pop,"snare drum",Taipei,medium,24,Dutch,65618fe702824301714fcaac80d63e05
81," punchy",59.124.8.187,1,1,-41.119998931884766,4.159999847412109,4.960000038146973,0.10000000149011612,10,11.130000114440918,pop,"snare drum",Taipei,medium,24,Dutch,d839f5256d44bbe5f5a168f0e1a52339
82," punchy",211.72.142.85,1,1,-36.25,2.2799999713897705,4.960000038146973,0.10000000149011612,10,11.130000114440918,pop,"snare drum",Taipei,medium,24,Dutch,8ed69b4a737431be41438d62b54d272d
83," punchy",59.124.9.67,1,1,-39.7400016784668,2.609999895095825,4.960000038146973,0.10000000149011612,10,11.130000114440918,pop,"snare drum",Taipei,medium,24,Dutch,d3e6b7674f2e11aa0f718e2d311f6e6a
84," punchy",59.124.9.67,1,1,-39.7400016784668,2.609999895095825,4.960000038146973,3.2699999809265137,10,11.130000114440918,pop,"snare drum",Taipei,medium,24,Dutch,e2be292d3886f88aa7103f8c623d5e60
85,punchy,59.124.9.67,1,1,-47.70000076293945,3.6500000953674316,5,19.985000610351562,343.6700134277344,13.359999656677246,pop,"snare drum",Taipei,medium,24,Dutch,4a8c906296425e83ab5caae39dc4728d
86,subtle,10.255.52.254,2,2,-33.880001068115234,20,16.209999084472656,78.87000274658203,900.760009765625,11.109999656677246,,,,,,,b4d17f46df46d08b636830c28cf9da72
87," Treble Piano Comp",67.233.121.133,2,2,-30.399999618530273,1.3600000143051147,18.399999618530273,0.10000000149011612,10,0.1599999964237213,,,,,,,a1d9b68698f43b69243d7c4995fa6d50
88,Jumpy,10.33.201.58,1,1,-31.6299991607666,2.6500000953674316,9.989999771118164,32.029998779296875,65.55000305175781,0,,Organ,"Birmingham Uk",8,25,English,a83048486554815bafa0b110ebefc3c6
89,Control,10.33.201.58,1,1,-24.760000228881836,2.880000114440918,9.5,5,200,2.6700000762939453,,"Main Vocals","Birmingham Uk",8,25,English,fd48c371009cff511edb5da4deda4298
90,Punchy,10.33.201.58,2,2,-19.010000228881836,1.5800000429153442,2.6600000858306885,35.400001525878906,114.05999755859375,3.5999999046325684,,,"Birmingham Uk",8,25,English,42a37e94ee3b58ccd4c80f14e54edc7f
91,Punchy,10.33.201.58,2,2,-19.010000228881836,1.5800000429153442,2.6600000858306885,35.400001525878906,114.05999755859375,3.5999999046325684,,Master,"Birmingham Uk",8,25,English,7cbe170fc714b3c62198e9aae26d1420
92,"Bassy Reggae Kick",10.33.206.218,1,1,-26.719999313354492,2.739999771118164,1.0499999523162842,18.149999618530273,98.37000274658203,1.369999885559082,Reggae,Kick,Birmingham,3,27,English,1657fde6fcac99d33f3827b6708a70dc
93,"Warm flat reggae snare",10.33.206.218,1,1,-24.139999389648438,3.0999999046325684,0,5.949999809265137,499.17999267578125,0,Reggae,Snare,Birmingham,3,27,English,588692af5479800212af73c606fa80ec
94,"Flatten Overhead  ",10.33.206.218,1,1,-39.189998626708984,3.049999952316284,0,2.9700000286102295,1119.3199462890625,0,Reggae,,Birmingham,3,27,English,eec3423b859a12ad911000deae5bc521
95,"chunky reggae guitar",10.33.206.218,1,1,-32.790000915527344,2.9600000381469727,4.940000057220459,14.970000267028809,446.0799865722656,3.2200000286102295,Reggae,"Electric Guitar",Birmingham,3,27,English,1d9e9337b6cee57bd7a3dbd5494b9b65
96,"Gentle acoustic compression",10.33.206.218,1,1,-32.88999938964844,2.2699999809265137,0,23.139999389648438,120.18000030517578,4.679999828338623,Reggae,"Acoustic guitar",Birmingham,3,27,English,020f8b6051afe119ce93cde6f4568d12
97,"Gentle Acoustic Comp",10.33.206.218,1,1,-32.88999938964844,2.2699999809265137,0,23.139999389648438,120.18000030517578,4.679999828338623,Reggae,"Acoustic Guitar",Birmingham,3,27,English,4dcf79fd7e23fb39c88795d625d40772
98,flat,10.33.206.218,1,1,-38.7599983215332,2.6700000762939453,0,5,545.9199829101562,5.659999847412109,Reggae,trumpet,Birmingham,3,27,English,1975f42bc1327001e40d76f97e74c001
99,"warm sax",10.33.206.218,1,1,-38.61000061035156,2.1600000858306885,5.939999580383301,5.28000020980835,343.1199951171875,4.519999980926514,Reggae,sax,Birmingham,3,27,English,43835c71c6f6c9e5b55d10ec9a03dfb8
100,flatten,10.33.206.218,1,1,-38.060001373291016,2.5999999046325684,13.770000457763672,5,200,7.71999979019165,Reggae,"bg vox",Birmingham,3,27,English,524fbe1bab765a3946f4325a2b179f03
101,"soft knee cut-through Vocal",10.33.206.218,1,1,-32.27000045776367,2.549999952316284,9.40999984741211,0.36000001430511475,389.1700134277344,8,Reggae,Vocal,Birmingham,3,27,English,519bd6cd1633c34c30e4d72945af511c
102,Gluey,10.33.206.218,2,2,-26.18000030517578,4.090000152587891,0,53.209999084472656,200,1.7899999618530273,Reggae,"Drum bus",Birmingham,3,27,English,6f469f0e9932b503a3df69887d334f1e
103,Punchy,80.43.70.67,2,2,-33.84000015258789,7.659999847412109,11.449999809265137,65.2300033569336,73.38999938964844,10.59000015258789,Pop,Drums,Birmingham,"5 years",24,English,db9c63ec12ade1665fd601d489bf661f
104,Punchy,80.43.70.67,2,2,-28.979999542236328,4.369999885559082,2.9700000286102295,60.029998779296875,95.48999786376953,6.909999847412109,Pop,Drums,Birmingham,"5 Years",24,English,2c47f7b1ca1b74ad1edf59ae5bb87f63
105,nice,50.150.65.183,2,2,-43.79999923706055,2.2100000381469727,10,34.970001220703125,1903.43994140625,17.440000534057617,,,,,,,428a22fc937a63474265ba92ba85c0f8
106,Punchy,10.33.184.144,2,2,-33.0099983215332,8.050000190734863,9.270000457763672,52.25,224.1999969482422,6.400000095367432,Pop,Drums,Birmingham,"5 years",24,English,6fe6dc534b3b449cc7ecb3c918a3385f
107,Punchy,10.33.184.144,2,2,-34.4900016784668,5.590000152587891,3.950000047683716,64.91999816894531,92.7300033569336,6.199999809265137,Pop,Drums,Birmingham,"5 Years",24,English,fc7305da3a46b0f8b06882a0cb01a9ba
108,boomy,10.33.201.147,1,1,-15.09000015258789,1.6299999952316284,5.769999980926514,16.510000228881836,309.1700134277344,0,reggae,,brimingham,"4 years",22,english,1220758cb9cf1a1e7eb76415eb9c9ccd
109,pop,10.33.201.147,1,1,-21.8799991607666,2,5.019999980926514,8.3100004196167,121.63999938964844,0,reggae,,brimingham,"4 years",22,english,4235a9f7b6c5158d43d4e51a167a984d
110,"deep smooth",10.33.201.147,1,1,-26.09000015258789,1.6399999856948853,0,5,200,2.390000104904175,reggae,,brimingham,"4 years",22,english,321638f887fadb1f87ad529cafd578e9
111,smooth,10.33.201.147,1,1,-20.34000015258789,2.509999990463257,3.759999990463257,5,200,2.25,reggae,,brimingham,"4 years",22,english,e126e23b986aa6b3761c9d7a8d273530
112,"deep smooth clean",10.33.201.147,1,1,-26.09000015258789,1.6399999856948853,0,5,200,1.059999942779541,reggae,,brimingham,"4 years",22,english,812af926e11fe0308a2d21466a857b8e
113,"thin sharp",10.33.201.147,1,1,-27.350000381469727,2.5799999237060547,5.019999980926514,8.3100004196167,121.63999938964844,0,reggae,,brimingham,"4 years",22,english,9d028c31adda84c5973666b769e4134c
114,"Glue ",10.33.201.147,2,2,-41.41999816894531,1.5099999904632568,13.380001068115234,5,200,0,Reggae,"Drum Compression Aux",Birmingham,"6 years",24,English,a9a65659c2da242ce2bf384452f6c9d0
115,"Mild, ",10.33.201.147,1,1,-28.440000534057617,1.4700000286102295,0,5,200,0,Reggae,"Lead Vocal",Birmingham,"6 years",24,English,6636a8a24721244ccdfae3761666fb92
116,"Subtle, Glue",10.33.201.147,2,2,-25.030000686645508,1.1399999856948853,0,5,200,0,Reggae,"Master Chanel",Birmingham,"6 years",24,English,4af0fadfdf37efa49725b049b112c188
117,"Phatten, Splashy",10.33.201.147,1,1,-28.860000610351562,1.4299999475479126,0,5,200,2.3499999046325684,Reggae,OH,Birmingham,"6 years",24,English,aa677284a162dea3e53d672faa8007a5
118,"Even Out",10.33.201.147,1,1,-35.459999084472656,1.3700000047683716,0,5,201.33999633789062,0,Reggae,"Electric Git",Birmingham,"6 years",24,English,abd6c43225ac505535167263027cfd81
119,kissing,10.33.201.147,2,2,-27.84000015258789,2.450000047683716,16.469999313354492,32.09000015258789,504.07000732421875,1.8899999856948853,Raggae,"drum bus",birmingham,4,22,English,f087ff0483fe20462c6af5755168344f
120,planted,10.33.201.147,1,1,-32.720001220703125,10.34000015258789,20,0.10000000149011612,1657.800048828125,7.360000133514404,Raggae,bass,birmingham,4,22,English,b144322060b316063a11c3ac2752d536
121,controlling,10.33.201.147,1,1,-35.880001068115234,4.489999771118164,4.860000133514404,17.40999984741211,670.719970703125,3.3299999237060547,Raggae,guitar,birmingham,4,22,English,67455f298ebe9d2f7857944ba80a7fa9
122,"touching ",10.33.201.147,1,1,-26.739999771118164,2.7699999809265137,5.300000190734863,66.61000061035156,118.18000030517578,2.1500000953674316,Raggae,,birmingham,4,22,English,0f446b90f5b7e357a965d5b99f128740
123,smooth,10.33.201.147,1,1,-28.219999313354492,2.509999990463257,10.40999984741211,8.25,440.20001220703125,0,raggae,Kick,birmingham,4,22,english,6cf4171cd8009e08acdb131967a830d8
124,rolloff,10.33.201.147,1,1,-28.950000762939453,2.0399999618530273,0,3.259999990463257,81.5,0,raggae,,birmingham,4,22,english,296e5a06d2d108a85b4bccef3f7f3e55
125,"less harsh",10.33.201.147,1,1,-29.610000610351562,3,8.369999885559082,4.840000152587891,482.54998779296875,0,raggae,"Electric guitar",birmingham,4,22,english,fb57d6f26f08da9fca08cbe45733918e
126,easy,10.33.201.147,1,1,-25.889999389648438,2.4800000190734863,10.890000343322754,11.510000228881836,316.1000061035156,0,raggae,piano,birmingham,4,22,english,708c3e17b6ba68824dfd40e4e4b7ff6d
127,smooth,10.33.201.147,1,1,-35.83000183105469,2.9700000286102295,12.630000114440918,9.979999542236328,275.25,0,raggae,saxophone,birmingham,4,22,english,73ef59ced29cc48bbfd92bca56bc8aaf
128,nice,50.150.65.183,2,2,-43.79999923706055,2.2100000381469727,10,34.970001220703125,1903.43994140625,17.440000534057617,,,,,,,c24130204b85be4c22fb1cb08ec373d5
129,nice,50.150.65.183,2,2,-43.79999923706055,2.2100000381469727,10,34.970001220703125,1903.43994140625,17.440000534057617,,,,,,,cae6f6eb96d3484c4c7e448dff509a74
130,VOCAL,50.150.65.183,1,1,-28.545001983642578,1.600000023841858,13.768332481384277,36.10166549682617,673.5116577148438,6.033333778381348,,,,,,,6720cb188efa2adb3cebc9b355b2e0ca
131,VOCAL,50.150.65.183,1,1,-28.545001983642578,1.600000023841858,13.768332481384277,36.10166549682617,673.5116577148438,6.033333778381348,,,,,,,3084321954ae97a5c3531900e7f56dcf
132,VOCAL,50.150.65.183,1,1,-28.545001983642578,1.600000023841858,13.768332481384277,36.10166549682617,673.5116577148438,6.033333778381348,,,,,,,00aafc71502d1ef623c687e03b463331
133,VOCAL,50.150.65.183,1,1,-28.545001983642578,1.600000023841858,13.768332481384277,36.10166549682617,673.5116577148438,6.033333778381348,,,,,,,af53efea7a256cc98a358e1cc2b7287c
134,nice,50.150.65.183,1,1,-43.79999923706055,2.2100000381469727,10,34.970001220703125,1903.43994140625,17.440000534057617,,,,,,,69b3358156ca13026f3540389bea0116
135,nice,50.150.65.183,1,1,-43.79999923706055,2.2100000381469727,10,34.970001220703125,1903.43994140625,17.440000534057617,,,,,,,a9b5569a6fb54cd0ada8d31f4860cf8a
136,nice,50.150.65.183,1,1,-43.79999923706055,2.2100000381469727,10,34.970001220703125,1903.43994140625,17.440000534057617,,,,,,,9c8af1c241581b4d81255171784c2a01
137,nice,50.150.65.183,1,1,-43.79999923706055,2.2100000381469727,10,34.970001220703125,1903.43994140625,17.440000534057617,,,,,,,981b7ba6b36d55fd008258e96c271b11
138,nice,50.150.65.183,1,1,-43.79999923706055,2.2100000381469727,10,34.970001220703125,1903.43994140625,17.440000534057617,,,,,,,f2f2c1eead0f29e356a2cf2cec384e99
139,nice,50.150.65.183,1,1,-43.79999923706055,2.2100000381469727,10,34.970001220703125,1903.43994140625,17.440000534057617,,,,,,,0d42b0949494c5459474abcd24954d38
140,VOCAL,50.150.65.183,1,1,-28.545001983642578,1.600000023841858,13.768332481384277,36.10166549682617,673.5116577148438,6.033333778381348,,,,,,,13a1216e596e3b2a72943e06ed60e6ec
141,VOCAL,50.150.65.183,1,1,-28.545001983642578,1.600000023841858,13.768332481384277,36.10166549682617,673.5116577148438,6.033333778381348,,,,,,,f765699a540241b7149f8fd646e9671b
142,smooth,10.33.195.144,1,1,-35.25,4.260000228881836,12,5,200,4.260000228881836,reggae,,birmingham,"8 years",45,english,fd59097d317ec26ad44f61fc439fb619
143,"smooth boosted",10.33.195.144,1,1,-35.060001373291016,7.980000019073486,11.220000267028809,5,200,5.400000095367432,reggae,,birmingham,"8 years",45,english,9f47828677806b0868acc64b2723e1c1
144,"smooth boosted",10.33.195.144,1,1,-39.900001525878906,5.03000020980835,8.779999732971191,5,200,8.380000114440918,reggae,,birmingham,"8 years",45,english,4b81d70dda690240330c6dc1c882e268
145,"boosted clear",10.33.195.144,1,1,-40.349998474121094,2,0,5,200,10.300000190734863,reggae,,birmingham,"8 years",45,english,0d299f00843899fdf2b88677565e2586
146,polish,10.33.195.144,1,1,-36.79999923706055,1.6200000047683716,0,5,200,3.630000114440918,reggae,,birmingham,"8 years",45,english,d9230fc1afb488445842e8cc48593b61
147,"room mic crushed ",10.33.195.144,1,1,-22.959999084472656,3.2300000190734863,0.029999999329447746,0.10000000149011612,10,10,reggae,,birmingham,"7 years",24,english,c3f1dafac0c86cbca3fac1c11a584c41
148,"makes bass fatter",10.33.195.144,1,1,-31.93000030517578,3.0899999141693115,8.079999923706055,5,200,6.309999942779541,reggae,bass,birmingham,"7 years",24,english,6b115c8cd22ed24c141eb012d50cfa3b
149,"compensates for weaker parts of vocal ",10.33.195.144,1,1,-26.280000686645508,3.0299999713897705,4.760000228881836,5,200,8.430000305175781,reggae,vox,birmingham,"7 years",24,english,50a54649c31b733e5f172f100c6c6e1f
150,test,78.49.13.70,2,2,-9,20,6.079999923706055,0.10000000149011612,144.27999877929688,2.0799999237060547,,,,,,,5a2bd45bfe53045ec0a787bf41e2a945
151,"louder consistent",10.33.192.139,1,1,-35.97999954223633,6.03000020980835,8.550000190734863,25.530000686645508,1184.0699462890625,10.239999771118164,reggae,acousticGuitar,birmingham,"9 years",25,english,81eec965c3e5c3d1e6b7a98608528dce
152,"Subtle Controlled",10.33.192.139,1,1,-38.279998779296875,2.130000114440918,10.220000267028809,9.9399995803833,1704.7099609375,4.690000057220459,reggae,Voice,birmingham,"9 years",25,english,889128f3a6e4b95bc38700f61d5f9890
153,"Die Hard",10.33.192.139,1,1,-39.63999938964844,5.710000038146973,0,6.550000190734863,1836.9000244140625,10.180000305175781,reggae,BackingVox,birmingham,"9 years",25,english,14927e537c760957ac3c793f1bbcb499
154,"Die Hard",10.33.192.139,1,1,-39.63999938964844,5.710000038146973,0,6.550000190734863,1836.9000244140625,10.180000305175781,reggae,BackingVox,birmingham,"9 years",25,english,f212744781c09f994d370061b06a93f3
155,"Polet Master",109.188.127.11,2,2,-20.399999618530273,2,0,8.279999732971191,200,0,,,,,,,69ab5543cef97fc2387df45bd6a4aee4
156,"Bus Glue",73.51.38.233,2,2,-12.020000457763672,1.9600000381469727,6.579999923706055,12.920000076293945,27.90999984741211,0,,,usa,"mid level project studio",48,english,e6c0f33e7b93f92a0081a54fe3ed0165
157,Simple.A,85.29.150.42,2,2,-50,20,20,100,1386.0400390625,20,Simple.A,Simple.A,Simple.A,Simple.A,Simple.A,Simple.A,572c13b986f7bba77a08c269f044c771
158,Simple.A,85.29.150.42,2,2,-50,20,20,100,1386.0400390625,20,Simple.A,Simple.A,Simple.A,Simple.A,Simple.A,Simple.A,6fd018102615814d265ebcb4d14cd394
159,snare,46.32.67.116,2,2,-40.20000076293945,20,20,50.150001525878906,1003.9600219726562,0,,,,,,,48087b1ba9be3b81db1a864ba4592a6f
160,clear,10.33.199.227,1,1,0,2.490000009536743,10.010000228881836,22.15999984741211,714.8800048828125,3.1500000953674316,reggae,kick,Birmingham,0,24,Chinese,bdfd53319914aafb214d7cee16853e2a
161,strike,10.33.199.227,1,1,-49.79999923706055,1.1200000047683716,3.930000066757202,67.19999694824219,1041.27001953125,3.390000104904175,reggae,"Bass Gtr",Birmingham,0,24,Chinese,482acbacda9f842b028acbc14cf938e5
162,gental,10.33.199.227,1,1,-11.670000076293945,9.369999885559082,12.489999771118164,53.0099983215332,1175.8499755859375,0,reggae,"OH mono",Birmingham,0,24,Chinese,2aeb82a1ee94250ca0c9c066b93e0db0
163,clear,10.33.199.227,1,1,-16.6200008392334,5.510000228881836,19.75,65.0199966430664,1033.68994140625,4.809999942779541,reggae,kick,Birmingham,0,24,Chinese,0ed8b2fce18057410b751490c3bf3539
164,woody,10.33.227.25,1,1,-28.260000228881836,6.019999980926514,2.809999942779541,5,200,3.7899999618530273,Reggae,Kick,BCU,"3 years",28,English,6c00b04930f2c5050056af62c49b4422
165,snappy,10.33.227.25,1,1,-25.450000762939453,4.579999923706055,2.5299999713897705,14.779999732971191,475.8900146484375,3.190000057220459,Reggae,Snare,BCU,"3 years",28,English,da4874acb28f2f090a105589c3071ca7
166,rich,10.33.227.25,1,1,-40.459999084472656,2.6700000762939453,17.389999389648438,5,403.45001220703125,7.349999904632568,Reggae,"Lead vocals",BCU,"3 years",28,English,706c54421a0f12185b095d434f06145e
167,phatty,10.33.227.25,1,1,-34.790000915527344,2.869999885559082,3.4100000858306885,5,200,1.0299999713897705,Reggae,"bass guitar",BCU,"3 years",28,English,ca99c33c7eb8c78af8c7b23654d154ab
168,snappy,10.33.227.25,1,1,-33.61000061035156,2.549999952316284,8.789999961853027,5,330.3800048828125,3.609999895095825,Reggae,overheads,BCU,"3 years",28,English,b4da790a9efca3457d47878e68b9198c
169,squishy,10.33.227.25,1,1,-30.950000762939453,1.7699999809265137,20,5,200,0,Reggae,"backing vox",BCU,"3 years",28,English,eb8973f9f183b6686c5c1e7762ae819e
170,rich,10.33.227.25,1,1,-40.29999923706055,2.6700000762939453,19.219999313354492,5,403.45001220703125,10.710000038146973,Reggae,,BCU,"3 years",28,English,e4f4dbf62317ae1fe5b207a2cf912803
171,silky,10.33.227.25,1,1,-40.4900016784668,3.700000047683716,16.829999923706055,5,200,2.9800000190734863,Reggae,trumpet,BCU,"3 years",28,English,53becfb5e2603413a8f58daa6218b66b
172,mellow,10.33.227.25,1,1,-30.110000610351562,2.619999885559082,12.279999732971191,5,200,0,Reggae,"acoustic guitar",BCU,"3 years",28,English,a203b2211737fddaf78d6209e1b5f334
173,thick,10.33.227.25,1,1,-35.11000061035156,1.7699999809265137,19.219999313354492,5,403.45001220703125,10.710000038146973,Reggae,,BCU,"3 years",28,English,830d4226badd1bccc82081c5b20caa67
174,Sharp,10.33.227.25,1,1,-34.59000015258789,6.869999408721924,10.69999885559082,30.34000015258789,409.45001220703125,13.850000381469727,Reggae,"OH Mono",Birmingham,0,22,Arabic,d3a15dba5a5e028d8f0463370f616e82
175,"warm joyful dreamy",10.33.227.25,1,1,-34.529998779296875,1.2899999618530273,3.809999942779541,49.84000015258789,322.5,3.799999952316284,Reggae,"Bass Gitar",birmingham,"0 years",34,Arabic,47f931b582137ab3a2351012aad9f82f
176,"metallic ",10.33.227.25,1,1,-21.540000915527344,1.1799999475479126,8.430000305175781,36.209999084472656,948.5499877929688,7.730000019073486,Reggae,"High Hat",birmingham,"0 years",34,Arabic,080ba6a2e789ed131135d1c06594f7ba
177,"warm soothing",10.33.227.25,1,1,-32.4900016784668,2.9000000953674316,2.990000009536743,54.27000045776367,322.5,3.799999952316284,Reggae,"OH mono",birmingham,"0 years",34,Arabic,9f6a14b621a6b41c9c40647637839a0a
178,compressed,92.225.36.156,2,2,-50,3.9200000762939453,10,34.970001220703125,1903.43994140625,6.880000114440918,,,,x,27,,840896dc1d13a7065f2fff53084f9a49
179,fly,92.225.36.156,2,2,-50,3.9200000762939453,10,34.970001220703125,1903.43994140625,6.880000114440918,,,,x,27,,1562f0571af7f7c6915cfa85e400f216
180,"deep hat",92.225.36.156,2,2,-36.599998474121094,6.960000038146973,10,34.970001220703125,1672.5999755859375,6.880000114440918,,,,x,27,,7862a2e116260c8329b95ad56315942b
181,cold,84.215.133.208,2,2,-2.6500000953674316,1.6299999952316284,5.770000457763672,16.510000228881836,309.1700134277344,0,,,,,,,43bbb2b0a65583e44f18be3730927474
182,oohh,10.255.52.254,2,2,0,2,3.6600000858306885,16.690000534057617,356.3999938964844,3.450000047683716,,,,,,,bb765ed0a6989fece8b0b6fd7d122626
183,"You need to write something in the box first fool!",117.196.167.112,2,2,0,2,0,5,200,0,,,,,,,1c3d11dfdeb70b4953b68b53f4ebb23d
184,"gracias a la vida",191.103.4.83,2,2,-37,1.590000033378601,8.850000381469727,5.960000038146973,258.29998779296875,0,,,,,,,db20e449d11096c746957eff28e496ed
185,"gracias a la vida",191.103.4.83,2,2,-37,1.590000033378601,8.850000381469727,5.960000038146973,465.260009765625,2.3499999046325684,folklore,charango,"la rioja","20 años",49,español,5be9f8ad46d36d4d6948cecfc81048bd
186,pressed,10.255.52.254,1,1,-38.11000061035156,4.900000095367432,13.449999809265137,11,815.969970703125,17.889999389648438,,,UK,10,28,English,1f796ff5f46d7794a5343a1680632e38
187,jhgkjhgkj,46.12.85.191,2,2,-13.399999618530273,2.069999933242798,16.399999618530273,5,200,4.159999847412109,,,,,,,d4e4df84133a0c91b01a87d566483ec3
188,"controlled pinned",10.33.202.106,1,1,-17.290000915527344,6.679999828338623,8.260000228881836,94.91000366210938,203.08999633789062,0,Reggae,snare,"Birmingham uk",7,24,English,f413b9a5cbffcd2cfff9e5367c1f4e4a
189,"controlled smoothed ",10.33.202.106,1,1,-26.829999923706055,2.859999895095825,10.319999694824219,28.579999923706055,869.3200073242188,9.670000076293945,Reggae,"basss guitar","Birmingham uk",7,24,English,c45a1bd8b44b40400bc2c1ca94eb45d0
190,"subtle gentle smooth easy",10.33.202.106,2,2,-10,20,20,0.10000000149011612,1052.7900390625,0,Reggae,"master bus","Birmingham uk",7,24,English,d95a275483278e9bdc46058e836f6dbb
191,"rounded easy pinned safe",10.33.202.106,1,1,-39.02000045776367,3.390000104904175,11.569999694824219,20.989999771118164,716.5,4.849999904632568,Reggae,"high hat","Birmingham uk",7,24,English,d70fd9c0f2ec497f155a30e9a9e39991
192,"crushed smashed huge big hulked",10.33.202.106,1,1,-46.29999923706055,4.289999961853027,5.539999961853027,5,756,14.859999656677246,Reggae,"drum overhead","Birmingham uk",7,24,English,2d9e9670189fc5931feb0b6ace63c1fb
193,punchy,10.33.202.106,1,1,-29.15999984741211,5.75,5.860000133514404,52.310001373291016,53.36000061035156,1.3899999856948853,"Reggae ","bass drum","birmingham uk ","3 years",24,"greek ",32607a0d5d9f6c06a2b013aa27bcdcbe
194,crisp,10.33.202.106,1,1,-31.450000762939453,5.050000190734863,4.230000019073486,23.8700008392334,29.850000381469727,0.9900000095367432,"Reggae ",snare,"birmingham uk ","3 years",24,"greek ",9b5d06cd91af06a4105357450cfc3280
195,trashy,10.33.202.106,1,1,-50,4.019999980926514,3.690000057220459,24.809999465942383,357.3999938964844,3.1600000858306885,"Reggae ","OH Mono","birmingham uk ","3 years",24,"greek ",d696f60a926e6485e9f8f1fefdbb6b1e
196,present,10.33.202.106,1,1,-40.16999816894531,1.4500000476837158,9.670000076293945,49.04999923706055,97.36000061035156,1.0099999904632568,"Reggae ","12 string guitar","birmingham uk ","3 years",24,"greek ",e557e99e16e7892440e00b308ee95e90
197,present,10.33.202.106,1,1,-40.90999984741211,1.8200000524520874,2.0899999141693115,35.290000915527344,708.0999755859375,2.5,"Reggae ",organ,"birmingham uk ","3 years",24,"greek ",b96a6562233974e2da30fa99c7a42b8b
198,prominent,10.33.202.106,1,1,-32.779998779296875,2.950000047683716,6.670000076293945,13.579999923706055,501.6099853515625,2.7200000286102295,"Reggae ",piano,"birmingham uk ","3 years",24,"greek ",419b7452d45924681fc95a240dc39ef3
199,control,10.33.202.106,1,1,-35.959999084472656,4.019999980926514,3.8299999237060547,10.670000076293945,200,2.5899999141693115,"Reggae ","backing vox","birmingham uk ","3 years",24,"greek ",076434f9665cb542ba98121e58494350
200,control,10.33.202.106,1,1,-24.299999237060547,3.9700000286102295,7.659999847412109,32.70000076293945,410.0400085449219,1.809999942779541,"Reggae ",vox,"birmingham uk ","3 years",24,"greek ",3aac509d0b42605ea730ea81f22ac556
201,punchy,10.33.202.106,1,1,-29.3799991607666,4.340000152587891,2.8499999046325684,42.25,185.6999969482422,3.190000057220459,Reggae,kick,"birmingham uk ","2 years",19,English,37212efb9d15208acde18aa009ab584b
202,slap,10.33.202.106,1,1,-26.899999618530273,2.390000104904175,3.190000057220459,26.690000534057617,200,1.0299999713897705,Reggae,,"birmingham uk ","2 years",19,English,55a856f15562293dd2a735897f79c376
203,slap,10.33.202.106,1,1,-26.899999618530273,2.390000104904175,3.190000057220459,26.690000534057617,200,1.0299999713897705,Reggae,snare,"birmingham uk ","2 years",19,English,4bec0123fc42bd4b7587dcc0908d014d
204,punchy,10.33.202.106,1,1,-31.969999313354492,4.050000190734863,2.450000047683716,41.52000045776367,108.5199966430664,1.6299999952316284,Reggae,bass,"birmingham uk ","2 years",19,English,ae4301439cb56689d55fc7e081ef6951
205,light,10.33.202.106,1,1,-38.900001525878906,2.740000009536743,1.5800000429153442,18.920000076293945,128.97999572753906,1.75,Reggae,"electric guitar","birmingham uk ","2 years",19,English,d8845032721c63c0f1c5b3a200e74537
206,light,10.33.202.106,1,1,-30.520000457763672,2,1.9800000190734863,17.25,305.7200012207031,1.3600000143051147,Reggae,"lead vocals","birmingham uk ","2 years",19,English,95026b7d975d82f62548a1ceed5588ad
207,Life,10.33.207.82,1,1,-24.6299991607666,6.610000133514404,0,71.6500015258789,200,0,Reggae,Kick,"birmingham uk ","7 years ",25,english,c1c202e771d20682681ce2db3a32d767
208,Even,10.33.207.82,1,1,-35.119998931884766,6.039999961853027,0,44.90999984741211,137.55999755859375,0.49000000953674316,Reggae,Snare,"birmingham uk ","7 years ",25,english,66a9c9603a274d3172fba5d0e4430aad
209,Rounded,10.33.207.82,1,1,-37.630001068115234,4.380000114440918,20,5,200,0,Reggae,Overhead,"birmingham uk ","7 years ",25,english,73ea292cd5aed5d5a27d278d4bff7f51
210,Control,10.33.207.82,1,1,-23.510000228881836,3.490000009536743,0,56.18000030517578,788.6699829101562,0,Reggae,Bass,"birmingham uk ","7 years ",25,english,5f634f8263c0012b840ec08fbf904f28
211,Slammed,10.33.207.82,1,1,-50,4.559999942779541,0,20.43000030517578,10,0,Reggae,"Electric Guitar","birmingham uk ","7 years ",25,english,e324e0d382e75900391a65ffd2ba986a
212,Lifer,10.33.207.82,1,1,-40.86000061035156,2.1500000953674316,0,33.189998626708984,10,0,Reggae,"Acoustic guitar","birmingham uk ","7 years ",25,english,60f54ec23d533ae698870eb012242d0b
213,Pancake,10.33.207.82,1,1,-43.16999816894531,20,0,32.11000061035156,454.7900085449219,0,Reggae,"Backing Vocals","birmingham uk ","7 years ",25,english,645a739b075c9f230653726165f4ee23
214,Pancake,10.33.207.82,1,1,-43.16999816894531,20,0,32.11000061035156,454.7900085449219,12.199999809265137,Reggae,"Backing Vocals","birmingham uk ","7 years ",25,english,fd163ca85383ba404c49e4e0cb094626
215,Lifer,10.33.207.82,2,2,-23.579999923706055,1.5,0,39.58000183105469,66.51000213623047,0,Reggae,Master,"birmingham uk ","7 years ",25,english,e6094a6ea6e3b651137b2f681db904c4
216,Limit,10.33.207.82,2,2,-22,20,0,0.10000000149011612,10,7.570000171661377,Reggae,Master,"birmingham uk ","7 years ",25,english,fb63f1bb170343d6388569578b4e659a
217,"Punchy flat driving ",10.33.230.154,1,1,-23.079999923706055,1.659999966621399,7.150000095367432,0.10000000149011612,518.239990234375,8.020000457763672,Reggae,,"Birmingham ","5 years",21,English,a4257a5eac43eec0bce47a921db9a805
218,"Punchy flat driving ",10.33.230.154,1,1,-23.079999923706055,1.659999966621399,7.150000095367432,0.10000000149011612,518.239990234375,8.020000457763672,Reggae,Kick,"Birmingham ","5 years",21,English,52b3f8092d1b886eac090e0189a07bca
219,"Subtle light limiting",10.33.230.154,1,1,-12.430000305175781,1.7699999809265137,0,5,200,2.8399999141693115,Reggae,"12 String Gtr","Birmingham ","5 years",21,English,b5389eaff1201ca935d2a439618b85ad
220," Limiting gain push ",10.33.230.154,1,1,-21.020000457763672,1.6200000047683716,0,5,200,5.210000038146973,Reggae,"Lead Vox","Birmingham ","5 years",21,English,fac04bdcc424e35c6830118cd0c45b32
221,"Hard compression flattening boosting",10.33.230.154,1,1,-28.729999542236328,6.210000038146973,0,5,200,6.230000019073486,Reggae,"Backing Vox","Birmingham ","5 years",21,English,de576d8d37c6dc95dee07eabf2b8fef3
222,flattened,10.33.194.210,1,1,-42.13999938964844,20,0,18.139999389648438,223.17999267578125,11.930000305175781,Reggae,Kick,"Birmingham uk","7 years",27,Polish,39256fcea04b22fe56439d18cdcd8fd0
223,"House mash",10.33.194.210,1,1,-37.40999984741211,9.649999618530273,0,37.470001220703125,738.7999877929688,7.090000152587891,Reggae,Snare,"Birmingham uk","7 years",27,Polish,6664ea32dc8a25678ce925a2e0c1d03c
224,"overhead crush",10.33.194.210,1,1,-44.959999084472656,4.980000019073486,9.25,0.10000000149011612,874.9199829101562,10.859999656677246,Reggae,Overhead,"Birmingham uk","7 years",27,Polish,417db17b8c4c6ae618673957aa715ce9
225,fatter,10.33.194.210,1,1,-36.86000061035156,3.0799999237060547,7.889999866485596,30.899999618530273,200,10.25,Reggae,Bass,"Birmingham uk","7 years",27,Polish,400949af88e50041ec6ffa0cf264de81
226,fatter,10.33.194.210,1,1,-36.86000061035156,3.0799999237060547,7.889999866485596,30.899999618530273,200,10.25,Reggae,Bass,"Birmingham uk","7 years",27,Polish,17cb53e0f3e3218d62b70cf7f80603d1
227,fatter,10.33.194.210,1,1,-36.86000061035156,3.0799999237060547,7.889999866485596,30.899999618530273,200,10.25,Reggae,Bass,"Birmingham uk","7 years",27,Polish,8c4e9ec960afc4bbf9d14d13c6bbdb56
228,super-destruction,10.33.194.210,1,1,-50,3.3399999141693115,7.889999866485596,30.899999618530273,2000,20,Reggae,Bass,"Birmingham uk","7 years",27,Polish,c93fedc6c19da82fbd262070928c96e0
229,"moderately smashed",10.33.194.210,1,1,-42.18000030517578,8.020000457763672,0,0.10000000149011612,499.5,13.90999984741211,Reggae,Guitar,"Birmingham uk","7 years",27,Polish,037c9f6af22e55524d340a4d449d74ac
230,"Surprisingly gentle",10.33.194.210,1,1,-25.209999084472656,3.5199999809265137,0,35.84000015258789,388.1199951171875,0,Reggae,Piano,"Birmingham uk","7 years",27,Polish,eaeb25e463cdfe61f52b217b180c4b55
231,gentle,10.33.194.210,1,1,-34.040000915527344,2,7.610000133514404,17.3700008392334,307.4599914550781,5.929999828338623,Reggae,"Backing Vocals","Birmingham uk","7 years",27,Polish,14df0c7d603a15d2aa8ed6e640d4fe7c
232,"Moderately normal",10.33.194.210,1,1,-30.8799991607666,4.789999961853027,10,5,200,9.5,Reggae,"Lead Vocals","Birmingham uk","7 years",27,Polish,18012d385e88f1a1bb86b2d28196d34b
233,"test ",10.33.194.210,1,1,0,2,0,5,200,0,Reggae,kick,"birmingham uk","3 years",21,English,6a29abd3d6e3baf4749792eda14d90a1
234,Tight,10.33.194.210,1,1,-21.479999542236328,3.9200000762939453,4.449999809265137,7.769999980926514,200,1.0499999523162842,Reggae,Kick,"birmingham uk","3 years",21,English,54147b624bc8bcad381a77c3829c521a
235,Cutting,10.33.194.210,1,1,-19.079999923706055,4.050000190734863,1.6699999570846558,28.270000457763672,141.0500030517578,0.41999998688697815,Reggae,Snare,"birmingham uk","3 years",21,English,cd5c5392cc117646435834d51f02d532
236,"Crushed Loud",10.33.194.210,1,1,-30.90999984741211,5.940000057220459,0,5,220.77000427246094,6.429999828338623,Reggae,Bass,"birmingham uk","3 years",21,English,402bedfb0c8a9804d44f7ab494c6a870
237,"tight fixed",10.33.194.210,1,1,-18.920000076293945,10.369999885559082,0,19.290000915527344,200,0,Reggae,organ,"birmingham uk","3 years",21,English,2b0efc0085e9317bf036121208c8f5bd
238,"Bright Strong Thick",10.33.194.210,1,1,-23.920000076293945,4.460000038146973,0,10.289999961853027,277.6700134277344,2.1500000953674316,Reggae,"Lead Vox","birmingham uk","3 years",21,English,f4ca344633dac01437d1ff3b1f1c0692
239,"Punchy Warm",10.33.194.210,1,1,-18.030000686645508,3,3.6500000953674316,5,200,0.8600000143051147,Reggae,"Kit Bus Comp","birmingham uk","3 years",21,English,9e67006330879029e201a742c33d0f13
240,even,10.33.194.210,1,1,-23.280000686645508,3.859999895095825,13.779999732971191,2.990000009536743,33.63999938964844,3.5299999713897705,Reggae,"Lead Vocals","birmingham uk","6 years ",23,portuguese,5197e48f195c25d0154d693142d87d8b
241,"snappy punchy",10.33.194.210,1,1,-34.439998626708984,10.729999542236328,0,2.8499999046325684,40.130001068115234,2.990000009536743,Reggae,Kick,"birmingham uk","6 years ",23,portuguese,f87ee69bb672cc4ed77191be2e3a6ef2
242,controlled,10.33.194.210,1,1,-45.709999084472656,2.0199999809265137,0,2.140000343322754,26.260000228881836,8.880000114440918,Reggae,"Bass Gtr","birmingham uk","6 years ",23,portuguese,8bd5cef0b23db7f7acb5012e0d9b6797
243,fuller,10.33.194.210,2,2,-31.530000686645508,3.130000114440918,8.109999656677246,42.459999084472656,199.6300048828125,5.550000190734863,Reggae,kick,birmingham,"20 years",37,English,a0e2aab76cf3fd8b90ee234cdc319a4d
244,"drum kit balancing",10.33.194.210,2,2,-21.5,1.7699999809265137,14.350000381469727,13.600000381469727,200,2.259999990463257,Reggae,"Drum Bus",birmingham,"20 years",37,English,dae1fb6766839d178d4622570f33fdf1
245,fuller,10.33.194.210,1,1,-31.200000762939453,3.1600000858306885,10.4399995803833,14.569999694824219,200,4.400000095367432,Reggae,Bass,birmingham,"20 years",37,English,03bc7c22fb29c8cdea452c3c5902d508
246,"fuller in the band",10.33.194.210,1,1,-31.260000228881836,5.369999885559082,12.520000457763672,27.010000228881836,270.2699890136719,1.2200000286102295,Reggae,Guitar,birmingham,"20 years",37,English,bd113e9a2dea5875b457733dbc9a4122
247,"merge instruments/transients",10.33.194.210,2,2,-35.08000183105469,3.180000066757202,6.809999942779541,27.8799991607666,242.32000732421875,0.9900000095367432,Reggae,"Guitar Aux",birmingham,"20 years",37,English,c1f03467662397135dd1ad99d7494ef2
248,balancer,10.33.194.210,1,1,-34.31999969482422,2.9700000286102295,0.8899999856948853,33.34000015258789,359.760009765625,1.8899999856948853,Reggae,Piano,birmingham,"20 years",37,English,1bbec665a6b167dbbe317399c731afdc
249,balance,10.33.194.210,1,1,-37.63999938964844,3.7300000190734863,6.570000171661377,28.110000610351562,162.5,2.759999990463257,Reggae,Trumpet,birmingham,"20 years",37,English,189b9d9aa41ea51ca341706a0139853d
250,"cut through",10.33.194.210,1,1,-39.439998626708984,2,5.949999809265137,36.790000915527344,365.3299865722656,5.71999979019165,Reggae,"Backing Vox",birmingham,"20 years",37,English,3e4b1f92f936bfd3ca06e005ec37e70b
251,op,179.8.153.117,1,1,-22.600000381469727,6.039999961853027,0,5,200,0,,,,,,,261d41673e64cf0c67191a644823feca
252,"ice lead",70.30.237.14,1,1,-8.199999809265137,1.2599999904632568,4.320000171661377,39.369998931884766,446.760009765625,3.440000057220459,,,,,,,e36c1a68350051ae8d24e69dbec684e5
253,attack,62.232.56.222,1,1,-32.79999923706055,1.7899999618530273,8.880000114440918,28.979999542236328,200,12.880000114440918,,,London,medium,25,Dutch,3d5d3b6ea0d2dbf0014d6c84997040a0
254,slap,62.232.56.222,1,1,-22.790000915527344,1.6399999856948853,4.159999847412109,45.25,200,0,,,London,medium,25,Dutch,24fd2f2c4b5369855669b6ab5889904b
255,tight,62.232.56.222,1,1,-23.600000381469727,8.029999732971191,5.599999904632568,24.989999771118164,120.4000015258789,1.0399999618530273,,,London,medium,25,Dutch,25e57eaa47160319fdf458b4ddb284dd
256,tight,62.232.56.222,1,1,-23.600000381469727,8.029998779296875,5.599999904632568,24.989999771118164,120.4000015258789,1.0399999618530273,pop,"kick drum",London,medium,25,Dutch,bb43dd20932f9028557d47579196ba0b
257,close-up,62.232.56.222,1,1,-26.799999237060547,2,3.9200000762939453,15.760000228881836,200,4.639999866485596,pop,"bass guitar",London,medium,25,Dutch,8257730be14521b60a7ed9e2839715cf
258,flatten,62.232.56.222,2,2,-26.389999389648438,3.069999933242798,9.920000076293945,0.10000000149011612,52.52000045776367,1.0499999523162842,,,London,medium,25,Dutch,ccae607f128882f8e6d0a4e77b0f362a
259,together,62.232.56.222,2,2,-24.190000534057617,1.1699999570846558,7.920000076293945,10.890000343322754,804.9600219726562,2.1600000858306885,funk,together,London,medium,25,Dutch,e3e1a771c6eba2a08263639881bbd0be
260,together,161.23.168.84,2,2,-24.190000534057617,1.1699999570846558,7.920000076293945,10.889999389648438,804.9600219726562,2.1600000858306885,,,London,medium,25,Dutch,33ed47d58d0c151505d67ee4aeabc72e
261,together,161.23.168.84,2,2,-24.190000534057617,1.1699999570846558,7.920000076293945,10.889999389648438,804.9600219726562,2.1600000858306885,,,London,medium,25,Dutch,3712c1677fe9a8be1d0ab14c9e5992fd
262,together,161.23.168.84,2,2,-24.190000534057617,1.1699999570846558,7.920000076293945,10.889999389648438,804.9600219726562,2.1600000858306885,,,London,medium,25,Dutch,277841858bc80cd3798d6fc3b281186e
263,together,161.23.168.84,2,2,-24.190000534057617,1.1699999570846558,7.920000076293945,10.889999389648438,804.9600219726562,2.1600000858306885,,,London,medium,25,Dutch,05ff92161a4fc3dce64a7038b21fd9e1
264,together,161.23.168.84,2,2,-24.190000534057617,1.1699999570846558,7.920000076293945,10.889999389648438,804.9600219726562,2.1600000858306885,,,London,medium,25,Dutch,e58c01a7c0349217ad4af978bcbef254
265,together,161.23.168.84,2,2,-24.190000534057617,1.1699999570846558,7.920000076293945,10.889999389648438,804.9600219726562,2.1600000858306885,,,London,medium,25,Dutch,4360d674b95a90c68ee33b1fccb7d541
266,together,161.23.168.84,2,2,-24.190000534057617,1.1699999570846558,7.920000076293945,10.889999389648438,804.9600219726562,2.1600000858306885,,,London,medium,25,Dutch,97cab60ec828d7c0a587a585d35978fe
267,together,161.23.168.84,2,2,-24.190000534057617,1.1699999570846558,7.920000076293945,10.889999389648438,804.9600219726562,2.1600000858306885,,,London,medium,25,Dutch,dd6f691f2e91cc2605d4ed8e79d3d2af
268,KADOEF,197.88.59.147,2,2,-40.400001525878906,20,10,50.45000076293945,997.0399780273438,0,,,,,,,5210aaaa834a9fcee724e59bb53f48b6
269,"fix to what sounds like an extremity of heavy weighted top and bottom range clipping",197.88.59.147,2,2,-40.400001525878906,20,10,50.45000076293945,997.0399780273438,0,"FIX TOTAL CRAP ACQUISITION",GROUP,"INC.STUDIOS ZA","SOMETHING SERIOUS WRONG",44,ENGLISH,850bc783aa73320782f445c0d124a39c
270,VOCAL,181.61.114.106,2,2,-18.489999771118164,3.140000104904175,13.075384140014648,33.709228515625,637.0877075195312,7.53000020980835,Pop,Vocal,Bogotá,Good,57,Spanish,59aa194ad6fe3261bf27470d80ce6f85
271,"1st Vox Comp",208.101.96.49,2,2,-20.399999618530273,3.0199999809265137,0,3.4000000953674316,104.4800033569336,5.039999961853027,,,,,,,0ffabeed9b01dcd0531a3a7e89ada28f
272,sofasport,141.62.63.40,2,2,-9.199999809265137,20,16.399999618530273,5,200,0,,,,,,,63546352e557c65e65b66cdbf9fa3d32
273,sofasport,141.62.63.40,2,2,-17.200000762939453,20,16.399999618530273,5,200,13.039999961853027,,,,,,,360f0f3a7a122752aa77f1cea9c8d813
274,"punchy kick drum",176.79.178.33,2,2,-26.799999237060547,2.0299999713897705,9.199999809265137,28.979999542236328,319.3999938964844,4.71999979019165,"kick bass",drums,portugal,none,44,portuguese,eb4c24867177bf95519a1a070abb6ab8
275,sofasport,141.62.63.40,2,2,-27.600000381469727,2.319999933242798,20,5,200,17.440000534057617,,,,,,,5efa9bd404eb4eafc419c5ffc93e0774
276,sofa1,141.62.63.40,2,2,-35.79999923706055,6.119999885559082,16.639999389648438,30.170000076293945,200,19.84000015258789,,,,,,,d937f7dcfff4971e719adb82ad28ff39
277,musikgastsofa,141.62.63.40,2,2,-35.79999923706055,2.440000057220459,16.639999389648438,30.170000076293945,200,15.600000381469727,,,,,,,0020d9a4d595f5aae3786185dfeaa9d4
278,sofa1,141.62.63.40,2,2,-35.79999923706055,4.03000020980835,16.479999542236328,30.170000076293945,200,20,,,,,,,daffe997218dc89dbe42a379cb1b5c2b
279,sofa1,141.62.63.40,2,2,-30.200000762939453,5.21999979019165,16.479999542236328,30.170000076293945,200,20,,,,,,,eea10b270be0316ac217c838de6ecbd0
280,sofa1,141.62.63.40,2,2,-24.799999237060547,10.1899995803833,16.479999542236328,30.170000076293945,200,20,,,,,,,5fafcc8c341be814220a3dc40e62719a
281,punchy,62.232.56.211,2,2,-25.799999237060547,5.220000267028809,14.800000190734863,5,200,6.960000038146973,,,Hasselt,medium,25,Dutch,3d0d69eb7108e2f2498d2626766b9d6d
282,punchy,138.37.91.188,2,2,-26.959999084472656,2.5199999809265137,4.159999847412109,5,109.41999816894531,0.5799999833106995,rock,snare,Hasselt,medium,25,Dutch,e1b6eab8629f09d2fdb64ee542dcb649
283,"g one",24.85.76.217,2,2,-22.68000030517578,1.1100000143051147,2.819999933242798,5,186.41000366210938,0,,,,,,,3915e0b263c120b93d8aa87c476487d7
284,sofa1,141.62.63.40,2,2,-31.649999618530273,6.389999866485596,16.520000457763672,70.52999877929688,200,19.959999084472656,,,,,,,d13c3b2bdd353fec2d2236583753db40
285,sofa1,141.62.63.40,2,2,-23.649999618530273,20,16.520000457763672,70.52999877929688,200,19.959999084472656,,,,,,,41df4bac2a13563b4eac27e189d088c5
286,sofa1,141.62.63.40,2,2,-23.649999618530273,20,16.520000457763672,21.3799991607666,200,19.959999084472656,,,,,,,eca681a22d664545a97e32356a3fb53f
287,sofa1,141.62.63.40,2,2,-25.649999618530273,7.929999828338623,16.520000457763672,21.3799991607666,200,19.959999084472656,,,,,,,f04d33c0adbce80278d2916e4eb23cde
288,sofa1,141.62.63.40,2,2,-27.25,7.929999828338623,16.520000457763672,21.3799991607666,200,19.959999084472656,,,,,,,ef4238c22ecfd66685f9064679f6c781
289,sofa1,141.62.63.40,2,2,-28.649999618530273,7.929999828338623,16.520000457763672,21.3799991607666,200,19.959999084472656,,,,,,,f9ad475833240f98a72d9a0410e50f54
290,sofa2,141.62.63.40,2,2,-28.649999618530273,7.929999828338623,16.520000457763672,94.80999755859375,200,19.959999084472656,,,,,,,1d611ea4b3d5fe95ea4b5a307766f51b
291,sofa3,141.62.63.40,2,2,-23.649999618530273,20,20,0.10000000149011612,200,19.959999084472656,,,,,,,c1b92fef86c383c23047f14d0fba49ab
292,sofa5,141.62.63.40,2,2,-32.650001525878906,4.360000133514404,20,0.10000000149011612,200,19.959999084472656,,,,,,,bc02dcb0e5269041b54b9fd6791aafeb
293,sofa5,141.62.63.40,2,2,-32.650001525878906,4.360000133514404,20,50.04999923706055,200,19.959999084472656,,,,,,,83cc082d5b6e1bb5c52951d2f2a3aa70
294,sofa1,141.62.63.40,2,2,-28.709999084472656,7.599999904632568,16.520000457763672,50.709999084472656,200,19.959999084472656,,,,,,,25da4d41ddef57f05575b1a14775646b
295,master,93.4.12.254,2,2,-7.200000762939453,3.4775002002716064,4.059999942779541,15.412500381469727,200,2.940000057220459,,,,,,,da02246c0615db73c5bc9201a8753446
296,limiting,93.4.12.254,2,2,-14.919998168945312,1.6949999332427979,0,5,200,4.025000095367432,,,,,,,09ee1ceb3748245a3f253a9780f6fcbf
297,write,93.4.12.254,2,2,0,2,0,5,200,0,,,,,,,3f6ec130c30715e6c7685f4b93c83255
298,Rolling,50.170.138.188,2,2,-42.06349182128906,20,5.984251976013184,91.34724426269531,10,6.031745910644531,,,,,,,577c08a3f4a4d604144ce72e848fa949
299,compression,186.106.97.80,2,2,-26.40999984741211,20,16.15999984741211,18.06999969482422,1163.050048828125,0,,,,,,,fe178720116d1506c5b820b6c7f97b3c
300,"tthe sh**",45.19.22.55,2,2,-29.600000381469727,1.4800000190734863,0,21.3799991607666,1442.800048828125,3.5199999809265137,,,,,,,e7aeb9d352efc7744c7e68e56511def2
301,crush,186.106.62.209,2,2,-44.959999084472656,4.979999542236328,9.25,0.10000000149011612,874.9199829101562,10.859999656677246,,,,,,,632c47d2236a64d925890a7373582937
302,"round and woody ",10.33.235.136,1,1,-34.86000061035156,7.639999866485596,20,29.170000076293945,1028.6400146484375,4.710000038146973,Reggae,"electric bass",Birmingham,7,24,English,83e31fb82cf4da238f29bfcd44d6b545
303,"controlled pinched",10.33.235.136,1,1,-40.709999084472656,2.3299999237060547,16.579999923706055,75.63999938964844,200,0.6700000166893005,Reggae,snare,Birmingham,7,24,English,636d940c72d3265fee95cbb42ed76de9
304,"light touch gentle control",10.33.235.136,1,1,-50,1.9600000381469727,7.980000019073486,5.590000152587891,931.5599975585938,7.110000133514404,Reggae,"oberhead drums",Birmingham,7,24,English,9b476e797a94b0f459aff2c869155db2
305,"limited crush",10.33.235.136,1,1,-33.83000183105469,12.850000381469727,16.010000228881836,59.95000076293945,198.75999450683594,0.7099999785423279,Reggae,"high hat",Birmingham,7,24,English,1940149b8dd1de59df18a2295ab6537a
306,kick,80.31.187.237,2,2,-28.709999084472656,10.569999694824219,7.5,19.639999389648438,381.0400085449219,4.559999942779541,,,,,,,1a1dcb619e0cc1c41fa7443a72f2265f
307,"test 1",46.12.10.185,2,2,-21.200000762939453,4.559999942779541,20,0.10000000149011612,10,15.4399995803833,,,,,,,636fe67a78dfb0fae46a3fea7f038226
308,"Acoustic Comp",186.78.232.178,2,2,-33.20000076293945,4.630000114440918,6.639999866485596,0.10000000149011612,10,0,,,,,,,eedd3dbc529c64906a9256b0caee9638
309,"Acoustic Comp",186.78.232.178,2,2,-33.20000076293945,4.630000114440918,6.639999866485596,0.10000000149011612,10,0,,,,,,,753fb87735f2e8a0a5492c69a8ba3f78
310,warm,84.155.10.253,2,2,-42.20000076293945,20,17.1200008392334,0.10000000149011612,10,20,,,,,,,8075dac91b716e8dfdfdfa42d7b0e897
311,test,10.33.236.229,1,1,-34.59000015258789,6.869999408721924,10.69999885559082,30.34000015258789,409.45001220703125,13.850000381469727,,,,,,,33f7e2a1ac3adf2062919b44975b503f
312,test,10.33.236.229,2,2,-31.530000686645508,3.130000114440918,8.109999656677246,42.459999084472656,199.6300048828125,5.550000190734863,,,,,,,cdb051929e04947ed5d588dfd1f4886d
313,test,10.33.236.229,1,1,-30.790000915527344,3.0399999618530273,3.009999990463257,6.90000057220459,105.69999694824219,2.0199999809265137,,,,,,,392337c81d19104e9bf228b15d86d149
314,test,10.33.236.229,1,1,-31.200000762939453,3.1600000858306885,10.439998626708984,14.569998741149902,200,4.400000095367432,,,,,,,d9526fca2a1046d1fcd90eb18d40fb82
315,test,10.33.236.229,1,1,-31.260000228881836,5.369999885559082,12.520000457763672,27.010000228881836,270.2699890136719,1.2200000286102295,,,,,,,edfde5423e59a917d4865f8bb24cb76c
316,test,10.33.236.229,1,1,-31.899999618530273,1.7200000286102295,2.990000009536743,10.529999732971191,168.8800048828125,0.6899999976158142,,,,,,,f83a94d3569f63a82ace7e3b72d09614
317,test,10.33.236.229,1,1,-37.63999938964844,3.7300000190734863,6.570000171661377,28.10999870300293,162.5,2.759999990463257,,,,,,,d9f146a1065150a9fbafee833789d592
318,test,10.33.236.229,1,1,-39.439998626708984,2,5.949999809265137,36.790000915527344,365.3299865722656,5.71999979019165,,,,,,,11ee29f795e485f308fdd3f8084680e8
319,test,10.33.236.229,2,2,-21.5,1.7699998617172241,14.350000381469727,13.59999942779541,200,2.259999990463257,,,,,,,d75d24d378b3e83cfe2c35957694398a
320,test,10.33.236.229,2,2,-35.08000183105469,3.1800003051757812,6.809999942779541,27.87999725341797,242.32000732421875,0.9900000095367432,,,,,,,364bd906ef65ba3d9431aef97fa16be2
321,test,10.33.236.229,1,1,-15.09000015258789,1.6299999952316284,5.770000457763672,16.510000228881836,309.1700134277344,0,,,,,,,6539247e2b00451ee0a2c2c7f8d096f2
322,test,10.33.236.229,1,1,-27.350000381469727,2.5799999237060547,5.0199995040893555,8.3100004196167,121.63999938964844,0,,,,,,,cf852d8c7e42528fa05c3d6e7549ce8e
323,test,10.33.236.229,1,1,-26.09000015258789,1.6399999856948853,0,5,200,1.059999942779541,,,,,,,61425621c153fe0b37adfb36bf4abd18
324,test,10.33.236.229,1,1,-20.340002059936523,2.509999990463257,3.7599997520446777,5,200,2.25,,,,,,,d6e1568bb8604fdafcea5cd86c4fe071
325,test,10.33.236.229,1,1,-28.860000610351562,1.4299999475479126,0,5,200,2.3499999046325684,,,,,,,69aa3e7a031c3d55e31cf3a7917f2921
326,test,10.33.236.229,1,1,-35.459999084472656,1.3700000047683716,0,5,201.33999633789062,0,,,,,,,df89d160cb3e2311b79ea352a5639a1f
327,test,10.33.236.229,1,1,-21.85000228881836,1.4700000286102295,0,5,200,1.75,,,,,,,8731fa7d37f08e200cf84fbdb24d1b79
328,test,10.33.236.229,2,2,-41.41999816894531,1.5099999904632568,13.380001068115234,5,200,0,,,,,,,4929facce2f42d1d6ec56b3da3cde588
329,test,10.33.236.229,2,2,-25.030000686645508,1.1399999856948853,0,5,200,0,,,,,,,1afd7e3e30a7d6e9937e5ed36f3fa1ac
330,test,10.33.236.229,1,1,-32.720001220703125,10.34000015258789,20,0.10000000149011612,1657.800048828125,7.360000133514404,,,,,,,10fa5c015ea6c54aa65a4ff3347991d7
331,test,10.33.236.229,1,1,-35.880001068115234,4.489999294281006,4.860000133514404,17.40999984741211,670.719970703125,3.3299999237060547,,,,,,,0219417945e2d4acf28e2d962e123d62
332,test,10.33.236.229,1,1,-26.739999771118164,2.7699997425079346,5.300000190734863,66.61000061035156,118.18000030517578,2.1500000953674316,,,,,,,ab1184fc95f8dac23819f57d3673d67f
333,test,10.33.236.229,2,2,-27.84000015258789,2.4499998092651367,16.469999313354492,32.09000015258789,504.07000732421875,1.8899999856948853,,,,,,,0e778a9833a16c4d3dc4935f5f09acd9
334,test,10.33.236.229,1,1,-28.219999313354492,2.509999990463257,10.40999984741211,8.25,440.20001220703125,0,,,,,,,d239445d392bd957f9fdc3f08e545a05
335,test,10.33.236.229,1,1,-28.950000762939453,2.0399999618530273,0,3.260000228881836,81.5,0,,,,,,,df86178a8522ae6cbece0deb6314d309
336,test,10.33.236.229,1,1,-29.610000610351562,2.999999761581421,8.369999885559082,4.840000152587891,482.54998779296875,0,,,,,,,9959c1a2605310bd03404111f213a85c
337,test,10.33.236.229,1,1,-25.889999389648438,2.4799997806549072,10.889999389648438,11.510000228881836,316.1000061035156,0,,,,,,,c5ce6e3070993dae8806f0401fb417b9
338,test,10.33.236.229,1,1,-35.83000183105469,2.9699997901916504,12.630000114440918,9.979998588562012,275.25,0,,,,,,,526be9c78691bc32e7b07aca35452083
339,test,10.33.236.229,1,1,-34.7400016784668,3.2799997329711914,0,5,200,0,,,,,,,faa55f102988685dfb55f9ffe320457e
340,test,10.33.236.229,1,1,-27.90999984741211,2.4600000381469727,0,5,200,0,,,,,,,56467c6aa45487572e9bb63167128d8c
341,test,10.33.236.229,1,1,-36.459999084472656,4.090000152587891,8.319999694824219,5,200,4.559999942779541,,,,,,,f71b9e030f679a277c73880f38e61f96
342,test,10.33.236.229,1,1,-35.25,4.259999752044678,12,5,200,4.260000228881836,,,,,,,a3c9cd923ae313addb29e693e4c16e49
343,test,10.33.236.229,1,1,-39.900001525878906,5.029999732971191,8.779999732971191,5,200,8.380000114440918,,,,,,,2e96ca6367b2556d986bff38fd7c971f
344,test,10.33.236.229,1,1,-35.060001373291016,7.9800004959106445,11.219999313354492,5,200,5.400000095367432,,,,,,,637239550aa3d642c18141a0a7ecab43
345,test,10.33.236.229,1,1,-40.349998474121094,2,0,5,200,10.299999237060547,,,,,,,f07a94e2b4a8d4527be6e6aefc152d1f
346,test,10.33.236.229,1,1,-36.79999923706055,1.619999885559082,0,5,200,6.5,,,,,,,eb4553dd8e04bdf91eef78be6d3771d9
347,test,10.33.236.229,1,1,-20.229997634887695,1.3600000143051147,6.920000076293945,0.10000000149011612,10,3.549999952316284,,,,,,,885bcf2c1aee1c55236f4b8d5cfc272a
348,test,10.33.236.229,1,1,-28.610000610351562,3.7699999809265137,19.6299991607666,5,200,4.110000133514404,,,,,,,7a4d5ff49e8c8dab33f85ee5ba05dd8a
349,test,10.33.236.229,1,1,-22.959999084472656,3.2300000190734863,0.030000001192092896,0.10000000149011612,10,10,,,,,,,c329cd2428e988666cebd824b4ff283e
350,test,10.33.236.229,1,1,-31.93000030517578,3.0899996757507324,8.079999923706055,5,200,6.309999942779541,,,,,,,5d421783fb56b7de80d66a0262d3a742
351,test,10.33.236.229,1,1,-26.280000686645508,3.0299999713897705,4.760000228881836,5,200,8.430000305175781,,,,,,,90bb3a97af4f21f688eff585cada221d
352,test,10.33.236.229,1,1,0,2,0,5,200,0,,,,,,,8a19890488699d8a4a652557337db113
353,test,10.33.236.229,1,1,-35.97999954223633,6.029999732971191,8.550000190734863,25.529998779296875,1184.0699462890625,10.239999771118164,,,,,,,41ada751a6ee3ab3bbecae21e2211c28
354,test,10.33.236.229,1,1,-39.63999938964844,5.710000038146973,0,6.550000190734863,1836.9000244140625,10.180000305175781,,,,,,,27c958db129f33bbe293e2781a611ff9
355,test,10.33.236.229,1,1,-38.279998779296875,2.130000114440918,10.220001220703125,9.939998626708984,1704.7099609375,4.690000057220459,,,,,,,d33b8ddf2cf38f57ac4e16aa1a8d3808
356,test,10.33.236.229,1,1,-16.620004653930664,5.510000228881836,19.75,65.0199966430664,1033.68994140625,4.809999942779541,,,,,,,f015083a03690f8bfc8943ec1d9ae3b8
357,test,10.33.236.229,1,1,0,2,0,0.10000000149011612,200,0,,,,,,,0da7e0f9f1c0c3ec34157dabdf52b73b
358,test,10.33.236.229,1,1,-11.669999122619629,9.369999885559082,12.489999771118164,53.01000213623047,1175.8499755859375,0,,,,,,,04072ce42cadb146db3742b220c9a07e
359,test,10.33.236.229,1,1,-49.79999923706055,1.1200000047683716,3.930000066757202,67.19999694824219,1041.27001953125,3.390000104904175,,,,,,,c2a170f8809ee93a66059c744951abf2
360,test,10.33.236.229,1,1,-28.260000228881836,6.019999980926514,2.809999942779541,5,200,3.7899999618530273,,,,,,,c8ec2d1a17e5639afa0688545739a917
361,test,10.33.236.229,1,1,-34.470001220703125,4.579999923706055,2.5299999713897705,14.779998779296875,475.8900146484375,3.190000057220459,,,,,,,7d3d654dba76375fe4586913b37c95ef
362,test,10.33.236.229,1,1,-33.61000061035156,2.549999952316284,8.789999961853027,5,330.3800048828125,3.6100001335144043,,,,,,,690456cdef5e0a6d82dd01b78c1ad981
363,test,10.33.236.229,1,1,-34.790000915527344,2.869999647140503,3.4100003242492676,5,200,4.179999828338623,,,,,,,9ef326615792a897563314f09e5a16a0
364,test,10.33.236.229,1,1,-30.110000610351562,2.619999885559082,12.279998779296875,5,200,0,,,,,,,e42d521511da818d200b3346089384e8
365,test,10.33.236.229,1,1,-40.4900016784668,3.700000047683716,16.829999923706055,5,200,2.9800000190734863,,,,,,,897e61c8bbd7bcc2dab9a4fc7c303c60
366,test,10.33.236.229,1,1,-36.119998931884766,3.9800000190734863,20,5,200,0,,,,,,,b6daa11e14a9501b29a9dc0659f8df52
367,test,10.33.236.229,1,1,-30.950000762939453,1.7699998617172241,20,5,200,0,,,,,,,63855f53ac8986e7baf83d22acf9da0f
368,test,10.33.236.229,1,1,-35.11000061035156,1.7699998617172241,19.219999313354492,5,403.45001220703125,10.710000038146973,,,,,,,d6ae6eb767f9566701a806ffd9299688
369,test,10.33.236.229,1,1,-34.439998626708984,10.729999542236328,0,2.8500001430511475,40.130001068115234,2.990000009536743,,,,,,,ec59390bfae5f3854dedcbbba5ce87bc
370,test,10.33.236.229,1,1,-45.709999084472656,2.0199999809265137,0,2.140000343322754,26.260000228881836,8.880000114440918,,,,,,,3db8e2bba1e1d56756c991a01ef9bf90
371,test,10.33.236.229,1,1,-23.1200008392334,3.8600001335144043,13.780000686645508,2.9900002479553223,33.63999938964844,3.25,,,,,,,6c224b5bb8e20081f2f878baa8ea8f42
372,test,10.33.236.229,1,1,-32.41999816894531,2.879999876022339,2.859999895095825,54.22000503540039,322.3699951171875,3.7300000190734863,,,,,,,4d787960cdc3b4503f5f76dd34ac90e1
373,test,10.33.236.229,1,1,-34.52000045776367,1.2100000381469727,3.8299999237060547,49.779998779296875,322.8900146484375,3.6599998474121094,,,,,,,f92e1c336bd8f95551cbbbc7074122fb
374,test,10.33.236.229,1,1,-31.799999237060547,2.3299996852874756,16.579999923706055,75.63999938964844,291.8800048828125,3.7599997520446777,,,,,,,83eedfa59a71bcea786cc9e48165408b
375,test,10.33.236.229,1,1,-33.83000183105469,12.850001335144043,16.010000228881836,59.95000076293945,198.75999450683594,0.7099999189376831,,,,,,,49a98319742b21536b8f294924c77b92
376,test,10.33.236.229,1,1,-50,1.9600000381469727,7.979999542236328,5.590000152587891,931.5599975585938,7.110000133514404,,,,,,,42f81451da0c0efadb1bde7312cdacdc
377,test,10.33.236.229,1,1,-34.86000061035156,7.640000343322754,20,29.170000076293945,1028.6400146484375,4.710000038146973,,,,,,,e344cc4bb4e42cbbc97254f128325b26
378,test,10.33.236.229,2,2,-13.719999313354492,19.989999771118164,20,0.10000000149011612,998.22998046875,1.4800000190734863,,,,,,,aff37b72b597fb833c66282338c843a5
379,test,10.33.236.229,1,1,-29.15999984741211,5.749999523162842,5.860000133514404,52.310001373291016,53.36000061035156,1.3899999856948853,,,,,,,0aa628d8b746a97cce08d5e5e2f150ee
380,test,10.33.236.229,1,1,-31.450000762939453,5.050000190734863,4.230000019073486,23.8700008392334,29.850000381469727,0.9900000095367432,,,,,,,29770d56626e0c383f1b0f43e068ac3a
381,test,10.33.236.229,1,1,-50,4.019999980926514,3.690000057220459,24.809999465942383,357.3999938964844,3.1600000858306885,,,,,,,6ed1040df42efc1eb5826251a689c899
382,test,10.33.236.229,1,1,-40.16999816894531,1.4500000476837158,9.670000076293945,49.05000305175781,97.36000061035156,1.0099999904632568,,,,,,,d8f372adf91bcc4ee1c34c36dedc6cc3
383,test,10.33.236.229,1,1,-40.90999984741211,1.8199999332427979,2.0899999141693115,35.290000915527344,708.0999755859375,2.5,,,,,,,a44ebad951c40032909e78a290b8abae
384,test,10.33.236.229,1,1,-32.779998779296875,2.950000286102295,6.670000076293945,13.579999923706055,501.6099853515625,2.7200002670288086,,,,,,,2c8a8a64e5f2abecd1b9faa34b8d86fb
385,test,10.33.236.229,1,1,-35.959999084472656,4.019999980926514,3.8299999237060547,10.669999122619629,200,2.5900001525878906,,,,,,,ec1c9376a1f53358ca1678676db82923
386,test,10.33.236.229,1,1,-24.299999237060547,3.9700000286102295,7.659999847412109,32.70000076293945,410.0400085449219,1.809999942779541,,,,,,,f0d01577ab57a0b22afb74b170cbff20
387,test,10.33.236.229,1,1,-29.3799991607666,4.340000152587891,2.8499999046325684,42.250003814697266,185.6999969482422,3.190000057220459,,,,,,,14a21eb34ebf5ef9a7cbf7b0116ebb50
388,test,10.33.236.229,1,1,-26.899999618530273,2.390000104904175,3.190000057220459,26.689998626708984,200,1.0299999713897705,,,,,,,52b213b036ddcfc47087194916396776
389,test,10.33.236.229,1,1,-26.8799991607666,2.390000104904175,3.130000114440918,26.610000610351562,200,1.0099999904632568,,,,,,,5733f99c7af889978d9383b0bccca75a
390,test,10.33.236.229,1,1,-40.08000183105469,2.739999771118164,1.5800000429153442,18.920000076293945,128.97999572753906,1.75,,,,,,,9c46c2b3bce63855642b5a7104a150fe
391,test,10.33.236.229,1,1,-30.520000457763672,2,1.9800000190734863,17.249998092651367,305.7200012207031,1.3600001335144043,,,,,,,e160bd36de66b36b9504bc4c6823c92c
392,test,10.33.236.229,1,1,-24.62999725341797,6.6100006103515625,0,71.6500015258789,200,0,,,,,,,5357cfaff16f3ae42249044d86d02f5b
393,test,10.33.236.229,1,1,-35.119998931884766,6.039999961853027,0,44.90999984741211,137.55999755859375,0.49000000953674316,,,,,,,72c516d3b35742f74ab462562d854812
394,test,10.33.236.229,1,1,-37.630001068115234,4.380000114440918,20,5,200,0,,,,,,,7c660abc765d0396f5005336b322e445
395,test,10.33.236.229,1,1,-23.510000228881836,3.489999771118164,0,56.18000030517578,788.6699829101562,0,,,,,,,b1906d1709fa3ac8bd672266801d2fa7
396,test,10.33.236.229,1,1,-50,4.560000419616699,0,20.43000030517578,10,0,,,,,,,e731063bfe864f58f66a026a3819fe50
397,test,10.33.236.229,1,1,-40.86000061035156,2.1500000953674316,0,33.19000244140625,10,0,,,,,,,6778cafaf5fb2bd2b0e059eb274a0140
398,test,10.33.236.229,1,1,-43.16999816894531,20,0,32.11000442504883,454.7900085449219,12.200000762939453,,,,,,,313c895de8a148ecabc6ec5c5c2b0141
399,test,10.33.236.229,2,2,-23.579999923706055,1.5,0,39.58000183105469,66.51000213623047,0,,,,,,,474963996e0e81e1e57f2b1a1a240be4
400,test,10.33.236.229,2,2,-18.62000274658203,20,0,0.10000000149011612,10,5.010000228881836,,,,,,,59bb38bbc2464959447149a0f007b4b6
401,test,10.33.236.229,1,1,-23.079999923706055,1.659999966621399,7.15000057220459,0.10000000149011612,518.239990234375,8.020000457763672,,,,,,,856d1ea5281e47fe354ecdd3b21e48ce
402,test,10.33.236.229,1,1,-28.040000915527344,2.490000009536743,0,5,200,3.009999990463257,,,,,,,cfeba6f75cdbcfa6964b1e4ec65a0a96
403,test,10.33.236.229,1,1,-23.530000686645508,2.890000104904175,14.739999771118164,31.65999984741211,563.3300170898438,5.590000152587891,,,,,,,b2ad53eb7faca95fecd4b720d5012218
404,test,10.33.236.229,1,1,-12.430000305175781,1.7699998617172241,0,5,200,2.8399996757507324,,,,,,,21d6961c985d43a37e17b6cd93c81ffa
405,test,10.33.236.229,1,1,-28.010000228881836,1.7499998807907104,20,5,433.95001220703125,3.7200000286102295,,,,,,,3ecc342064848a67d8bd9751a2f19307
406,test,10.33.236.229,1,1,-28.729999542236328,6.210000991821289,0,5,200,6.2300004959106445,,,,,,,b3c0978ec5de8ab593d3c8bdb9efcec1
407,test,10.33.236.229,1,1,-21.020000457763672,1.619999885559082,0,5,200,5.210000038146973,,,,,,,48c05658c1f854071d3efe6b5f5d6f1b
408,test,10.33.236.229,1,1,-42.13999938964844,20,0,18.139999389648438,223.17999267578125,11.930000305175781,,,,,,,f636c0f165f7a8b9b1a760a408baff4e
409,test,10.33.236.229,1,1,-37.40999984741211,9.649999618530273,0,37.47000503540039,738.7999877929688,7.090000152587891,,,,,,,c961262564409c1670602dcd82731cf7
410,test,10.33.236.229,1,1,-44.959999084472656,4.979999542236328,9.25,0.10000000149011612,874.9199829101562,10.859999656677246,,,,,,,e633dba676649cce3fe3d5e0c599a036
411,test,10.33.236.229,1,1,-50,3.3399999141693115,7.889999866485596,30.899999618530273,2000,20,,,,,,,5e1cf1af7723ea4c19c55682a5d41668
412,test,10.33.236.229,1,1,-42.18000030517578,8.019999504089355,0,0.10000000149011612,499.5,13.90999984741211,,,,,,,968f17776c7efd2013bd94fcda13397a
413,test,10.33.236.229,1,1,-25.209999084472656,3.5199999809265137,0,35.840003967285156,388.1199951171875,0,,,,,,,b5edf4b2f72cdf116cdb815add65fc80
414,test,10.33.236.229,1,1,-34.040000915527344,2,7.6100006103515625,17.3700008392334,307.4599914550781,5.929999828338623,,,,,,,6cebbae92b72956098e16e99d84dfb1e
415,test,10.33.236.229,1,1,-30.8799991607666,4.789999485015869,10,5,200,9.5,,,,,,,4ad881ca3537704dc6fbceae12c0a04c
416,test,10.33.236.229,1,1,-21.479999542236328,3.919999837875366,4.449999809265137,7.7699995040893555,200,1.0499999523162842,,,,,,,87f74983ee675b68032b7ae430132239
417,test,10.33.236.229,1,1,-19.080001831054688,4.049999713897705,1.6699999570846558,28.270000457763672,141.0500030517578,0.41999998688697815,,,,,,,034d618a5549585533992165444aa6ff
418,test,10.33.236.229,1,1,-30.90999984741211,5.939999580383301,0,5,220.77000427246094,6.430000305175781,,,,,,,6f63508cd88af50bb5f4a133ff1c2e66
419,test,10.33.236.229,1,1,-30.90999984741211,5.939999580383301,0,5,220.77000427246094,6.430000305175781,,,,,,,37e7d9eaa1e31009b19ef88c0feecf5f
420,test,10.33.236.229,1,1,-18.920001983642578,10.370000839233398,0,19.290000915527344,200,0,,,,,,,f27900805378e7929f85a464cfe5f47c
421,test,10.33.236.229,1,1,-23.920000076293945,4.460000514984131,0,10.289999008178711,277.6700134277344,2.1500000953674316,,,,,,,2be8913a719a36e217f04404a5b90468
422,test,10.33.236.229,1,1,-18.029998779296875,2.999999761581421,3.6500000953674316,5,200,0.8600000143051147,,,,,,,de0bc122d56a36ed4dc378f1536c68ee
423,Comp,109.91.32.225,2,2,-40.599998474121094,5.380000114440918,11.520000457763672,100,2000,10.319999694824219,,,,,,,ec8d2871fe1c55e11ff898dac3f4807f
424,"Banjo UM70",178.8.31.8,1,1,-28.139999389648438,2,10.390000343322754,10.579999923706055,563.3599853515625,7.400000095367432,,,,Frank,,German,353bc197bcd1c50a4e6e110aaa427b71
425,compression,186.106.17.206,2,2,-29.343332290649414,9.493334770202637,5.386666774749756,15.403331756591797,494.4100036621094,3.6366665363311768,,,,,W,,c0a4dd1d4ae39a9911467c70a4df919d
426,RE27,69.180.248.241,2,2,-30,20,20,5,200,3.0399999618530273,,,,,,,c18956f5c3885b0ec294420df08b6cc5
427,RE27,69.180.248.241,2,2,-29.399999618530273,20,9.920000076293945,5,200,0,,,,,,,6aa8e45a555cee01863c29cace00e967
428,RE27,69.180.248.241,2,2,-29.8799991607666,1.9700000286102295,20,5,200,0,,,,,,,55f13826270a494b03df2fc570510877
429,RE27,69.180.248.241,2,2,-29.760000228881836,13.989998817443848,20,5,200,1.0133333206176758,,,,,,,0fe0b8c9b9350b21e035337d3ce7cc1d
430,hec,24.47.80.149,1,1,-24.799999237060547,4.289999961853027,7.039999961853027,8.600000381469727,120.4000015258789,2.7200000286102295,,,,,,,4aa07e451d2c018894aefc1a5b6ec789
431,perfected,98.112.34.60,2,2,-21.489999771118164,2.9000000953674316,2.990000009536743,63.060001373291016,10,3.799999952316284,,,,,,,3d8c5d171b18066a013b3d5a32606868
432,Drums,87.15.249.15,2,2,-32.599998474121094,4.510000228881836,1.440000057220459,10.600000381469727,168.16000366210938,11.039999961853027,,,,,,,c63de146b798904da471faaf7ec74362
433,instruments/transients,87.15.249.15,2,2,-35.08000183105469,3.180000066757202,6.809999942779541,27.8799991607666,242.32000732421875,0.9900000095367432,,,,,,,c01b815526dc12f9112ae995260e8e15
434,"hard ",86.110.32.89,2,2,-50,2.5399999618530273,7.079999923706055,50.029998779296875,375.9599914550781,17.559999465942383,"Latin Rock","Guitars, DAW",Estonia,"Too many years",46,English,e16b30c2a07a3bb9aa93185fda150ced
435,help,95.19.39.142,2,2,-19.400001525878906,1.8899999856948853,7.599999904632568,8.289999961853027,321.0799865722656,5.300000190734863,,,,,,,af6b1110dacacd167f812ea28ca68541
436,bright,69.112.50.24,2,2,0,2,0,5,200,0,,,,,,,5b90fc186de285ed97176a5cccaa436e
437,warm,69.112.50.24,2,2,0,2,0,5,200,0,,,,,,,04c6ea980967c244488e65145b370a6f
438,bright,69.112.50.24,2,2,0,2,0,5,200,0,,,,,,,566fbfec6834f42189beae357fd40044
439,"Volcal Presence",72.200.185.250,2,2,-27.665000915527344,2.4600000381469727,13.075384140014648,30.100000381469727,577.8599853515625,4.480000019073486,Funk/Rock,"Male Voice","600 Count Studios","4 Years",66,English,f408228a1cb75d2695f1eace482468ef
440,VOCAL,93.34.85.224,2,2,-27.665000915527344,1.8121428489685059,13.075384140014648,33.709228515625,637.0877075195312,6.311429023742676,,,,,,,4832e420e2a0448b8eafd87ee6d30a2a
441,VOCAL,93.34.85.224,2,2,-27.665000915527344,1.8121428489685059,13.075384140014648,33.709228515625,637.0877075195312,6.311429023742676,,,,,,,cdcacea0febc0378647db70d322f70ea
442,12|5.2.1|-24|64.5|1020.9|12,197.88.36.181,2,2,-24,5.190000534057617,12,64.52999877929688,1020.9199829101562,12,,,"Rand Vonte, Uitvalfontein, BOPHUTABITSWABA, Central Africa Southern","Quәиteи & Sons ηetWorχAЯP",44,ENGLISH,0383fcfa81b7425c61802000da3905cd
443,"Hard Limit Drums",86.110.32.89,2,2,-19.190000534057617,4.5,9.970000267028809,20.600000381469727,744.27001953125,0,,,,,,,cbd7947272eb9c8aacb73f84818e4eee
444,jig,130.160.143.133,2,2,-11.800000190734863,2.2799999713897705,0,20.979999542236328,2000,0,,,,,,,3483b316c28e2275696f747abfd6a6cd
445,Glue,212.64.66.97,2,2,-22.15999984741211,2.069999933242798,8.319999694824219,28.06999969482422,479.6400146484375,3.759999990463257,,,,,,,f42ea638108d56073eb5a7dd832625b6
446,"Glue  de  Luxe",212.64.66.97,2,2,-22.15999984741211,2.069999933242798,8.319999694824219,28.06999969482422,479.6400146484375,3.759999990463257,,,,,,,b148c220dc0b1d215396feac3f918eb9
447,"Glue  de  Luxe",212.64.66.97,2,2,-22.15999984741211,2.069999933242798,8.319999694824219,28.06999969482422,479.6400146484375,3.759999990463257,,,,,,,ca1ee849c038c0ca824e19a35733b34b
448,"Glue  de  Luxe",212.64.66.97,2,2,-22.15999984741211,2.069999933242798,8.319999694824219,28.06999969482422,479.6400146484375,3.759999990463257,,,,,,,87746adc253a2b032ed47ef5c42bcf67
449,master,77.157.64.16,2,2,-18.239999771118164,3.4774999618530273,2.5880000591278076,15.412500381469727,200,2.940000057220459,,,,,,,8d9d83bbc4cac5f014ae133cedad1164
450,Presence,74.141.52.182,2,2,-27.665000915527344,2.4600000381469727,13.075384140014648,30.100000381469727,577.8599853515625,4.480000019073486,,,,,,,c1bdcbe7bb83784d9cbfccee6a6b7185
451,drum,74.141.52.182,2,2,-24.149999618530273,1.899999976158142,11.774999618530273,21.290000915527344,259.70001220703125,3.489999771118164,,,,,,,9401e35e6610520b73a3a594d2c85ac3
452,tight,74.141.52.182,2,2,-27.22333335876465,7.463333606719971,6.853333473205566,18.421667098999023,359.20001220703125,3.944999933242798,,,,,,,54a79402d0d03ecc8079b1a3d9c3e1be
453,Vox,74.141.52.182,2,2,-20.399999618530273,3.0199997425079346,0,3.4000003337860107,104.4800033569336,5.039999961853027,,,,,,,760c47ceff40d09bb975b348e67199a4
454,njatbet,197.237.215.87,1,1,-21.200000762939453,20,20,100,2000,0,,,,,,,feeb159f403f68707f16b2d5ac75abe6
